"Sampling_date","Distance_from_spring_ft","Sample_ID","Old_naming","Site","Sample_Site_type","Transect","Replicate_Number","Sample_Type","Aluminium","Aluminium_mM","Antimony","Antimony_mM","Arsenic","Arsenic_mM","Barium","Barium_mM","Beryllium","Beryllium_mM","Boron","Boron_mM","Bromide","Bromide_mM","Cadmium","Cadmium_mM","Calcium","Calcium_mM","Chloride","Chloride_mM","Chromium","Chromium_mM","Cobalt","Cobalt_mM","Conductivity","Copper","Copper_mM","Dissolved.Inorganic.Carbon","Dissolved.Inorganic.Carbon_mM","Dissolved.organic.Carbon","Dissolved.organic.Carbon_mM","Dissolved.Oxygen","Dissolved.Oxygen_mM","Ferrous.Iron","Filtered.Volume","Fluoride","Fluoride_mM","Iron","Iron_mM","Lead","Lead_mM","Lithium","Lithium_mM","Magnesium","Magnesium_mM","Manganese","Manganese_mM","Molybdenum","Molybdenum_mM","Nickel","Nickel_mM","Nitrate","Nitrate_mM","Nitrite","Nitrite_mM","Pelleted.Volume","pH","Phosphate","Phosphate_mM","Phosphorus","Phosphorus_mM","Potassium","Potassium_mM","Selenium","Selenium_mM","Silica.Reactive","Silica.Reactive_mM","Silica.Total","Silicon","Silicon_mM","Silver","Sodium","Sodium_mM","Strontium","Strontium_mM","Sulfate","Sulfate_mM","Sulfur","Sulfur_mM","Temperature","Thallium","Thallium_mM","Tin","Titanium","Titanium_mM","Total.Alkalinity","Total.Sulfide","Uranium","Vanadium","Vanadium_mM","Zinc","Zinc_mM","Sample_or_Control","quant_reading","Amplicon","is.neg","DaysSince_t0","DaysSince_prevdate","DaysSince_prevsampling"
"2017-8-18",0,"YNP018","Steep Cone Main","Steep Cone","Spring","Source",1,"Geyserite",NA,NA,NA,NA,NA,NA,NA,NA,NA,NA,NA,NA,NA,NA,NA,NA,NA,NA,NA,NA,NA,NA,NA,NA,NA,NA,NA,NA,NA,NA,NA,NA,NA,NA,NA,NA,NA,NA,NA,NA,NA,NA,NA,NA,NA,NA,NA,NA,NA,NA,NA,NA,NA,NA,NA,NA,8.1,NA,NA,NA,NA,NA,NA,NA,NA,NA,NA,NA,NA,NA,NA,NA,NA,NA,NA,NA,NA,NA,NA,87.78,NA,NA,NA,NA,NA,NA,NA,NA,NA,NA,NA,NA,"True Sample",8.14,"rRNA gene",FALSE,2633,2633,0
"2017-8-18",0,"YNP019","Steep Cone Main","Steep Cone","Spring","Source",2,"Geyserite",NA,NA,NA,NA,NA,NA,NA,NA,NA,NA,NA,NA,NA,NA,NA,NA,NA,NA,NA,NA,NA,NA,NA,NA,NA,NA,NA,NA,NA,NA,NA,NA,NA,NA,NA,NA,NA,NA,NA,NA,NA,NA,NA,NA,NA,NA,NA,NA,NA,NA,NA,NA,NA,NA,NA,NA,8.1,NA,NA,NA,NA,NA,NA,NA,NA,NA,NA,NA,NA,NA,NA,NA,NA,NA,NA,NA,NA,NA,NA,87.78,NA,NA,NA,NA,NA,NA,NA,NA,NA,NA,NA,NA,"True Sample",8.77,"rRNA gene",FALSE,2633,2633,0
"2018-5-30",0,"YNP024","Steep Cone Main","Steep Cone","Spring","Source",1,"Swab",NA,NA,NA,NA,NA,NA,NA,NA,NA,NA,NA,NA,NA,NA,NA,NA,NA,NA,NA,NA,NA,NA,NA,NA,NA,NA,NA,NA,NA,NA,NA,NA,NA,NA,NA,NA,NA,NA,NA,NA,NA,NA,NA,NA,NA,NA,NA,NA,NA,NA,NA,NA,NA,NA,NA,NA,8.07,NA,NA,NA,NA,NA,NA,NA,NA,NA,NA,NA,NA,NA,NA,NA,NA,NA,NA,NA,NA,NA,NA,90.5,NA,NA,NA,NA,NA,240,NA,NA,NA,NA,NA,NA,"True Sample",6.77,"rRNA gene",FALSE,2918,286,286
"2018-5-30",3,"YNP028","SC 3 ft","Steep Cone","Outflow","SMU",1,"Swab",NA,NA,NA,NA,NA,NA,NA,NA,NA,NA,NA,NA,NA,NA,NA,NA,NA,NA,NA,NA,NA,NA,NA,NA,NA,NA,NA,NA,NA,NA,NA,NA,NA,NA,NA,NA,NA,NA,NA,NA,NA,NA,NA,NA,NA,NA,NA,NA,NA,NA,NA,NA,NA,NA,NA,NA,8,NA,NA,NA,NA,NA,NA,NA,NA,NA,NA,NA,NA,NA,NA,NA,NA,NA,NA,NA,NA,NA,NA,59.9,NA,NA,NA,NA,NA,240,NA,NA,NA,NA,NA,NA,"True Sample",10.4,"rRNA gene",FALSE,2918,286,2918
"2018-5-30",3,"YNP029","SC 3 ft","Steep Cone","Outflow","SMU",2,"Swab",NA,NA,NA,NA,NA,NA,NA,NA,NA,NA,NA,NA,NA,NA,NA,NA,NA,NA,NA,NA,NA,NA,NA,NA,NA,NA,NA,NA,NA,NA,NA,NA,NA,NA,NA,NA,NA,NA,NA,NA,NA,NA,NA,NA,NA,NA,NA,NA,NA,NA,NA,NA,NA,NA,NA,NA,8,NA,NA,NA,NA,NA,NA,NA,NA,NA,NA,NA,NA,NA,NA,NA,NA,NA,NA,NA,NA,NA,NA,59.9,NA,NA,NA,NA,NA,240,NA,NA,NA,NA,NA,NA,"True Sample",9.79,"rRNA gene",FALSE,2918,286,2918
"2018-5-30",3,"YNP030","SC 3 ft","Steep Cone","Outflow","SMU",3,"Swab",NA,NA,NA,NA,NA,NA,NA,NA,NA,NA,NA,NA,NA,NA,NA,NA,NA,NA,NA,NA,NA,NA,NA,NA,NA,NA,NA,NA,NA,NA,NA,NA,NA,NA,NA,NA,NA,NA,NA,NA,NA,NA,NA,NA,NA,NA,NA,NA,NA,NA,NA,NA,NA,NA,NA,NA,8,NA,NA,NA,NA,NA,NA,NA,NA,NA,NA,NA,NA,NA,NA,NA,NA,NA,NA,NA,NA,NA,NA,59.9,NA,NA,NA,NA,NA,240,NA,NA,NA,NA,NA,NA,"True Sample",9.92,"rRNA gene",FALSE,2918,286,2918
"2018-5-30",6,"YNP031","SC 6 ft","Steep Cone","Outflow","SMU",1,"Swab",NA,NA,NA,NA,NA,NA,NA,NA,NA,NA,NA,NA,NA,NA,NA,NA,NA,NA,NA,NA,NA,NA,NA,NA,NA,NA,NA,NA,NA,NA,NA,NA,NA,NA,NA,NA,NA,NA,NA,NA,NA,NA,NA,NA,NA,NA,NA,NA,NA,NA,NA,NA,NA,NA,NA,NA,8,NA,NA,NA,NA,NA,NA,NA,NA,NA,NA,NA,NA,NA,NA,NA,NA,NA,NA,NA,NA,NA,NA,39.1,NA,NA,NA,NA,NA,240,NA,NA,NA,NA,NA,NA,"True Sample",7.24,"rRNA gene",FALSE,2918,286,2918
"2018-5-30",6,"YNP032","SC 6 ft","Steep Cone","Outflow","SMU",2,"Swab",NA,NA,NA,NA,NA,NA,NA,NA,NA,NA,NA,NA,NA,NA,NA,NA,NA,NA,NA,NA,NA,NA,NA,NA,NA,NA,NA,NA,NA,NA,NA,NA,NA,NA,NA,NA,NA,NA,NA,NA,NA,NA,NA,NA,NA,NA,NA,NA,NA,NA,NA,NA,NA,NA,NA,NA,8,NA,NA,NA,NA,NA,NA,NA,NA,NA,NA,NA,NA,NA,NA,NA,NA,NA,NA,NA,NA,NA,NA,39.1,NA,NA,NA,NA,NA,240,NA,NA,NA,NA,NA,NA,"True Sample",10.8,"rRNA gene",FALSE,2918,286,2918
"2018-5-30",6,"YNP033","SC 6 ft","Steep Cone","Outflow","SMU",3,"Swab",NA,NA,NA,NA,NA,NA,NA,NA,NA,NA,NA,NA,NA,NA,NA,NA,NA,NA,NA,NA,NA,NA,NA,NA,NA,NA,NA,NA,NA,NA,NA,NA,NA,NA,NA,NA,NA,NA,NA,NA,NA,NA,NA,NA,NA,NA,NA,NA,NA,NA,NA,NA,NA,NA,NA,NA,8,NA,NA,NA,NA,NA,NA,NA,NA,NA,NA,NA,NA,NA,NA,NA,NA,NA,NA,NA,NA,NA,NA,39.1,NA,NA,NA,NA,NA,240,NA,NA,NA,NA,NA,NA,"True Sample",7.83,"rRNA gene",FALSE,2918,286,2918
"2018-5-30",9,"YNP034","SC 9 ft","Steep Cone","Outflow","SMU",1,"Swab",NA,NA,NA,NA,NA,NA,NA,NA,NA,NA,NA,NA,NA,NA,NA,NA,NA,NA,NA,NA,NA,NA,NA,NA,NA,NA,NA,NA,NA,NA,NA,NA,NA,NA,NA,NA,NA,NA,NA,NA,NA,NA,NA,NA,NA,NA,NA,NA,NA,NA,NA,NA,NA,NA,NA,NA,8,NA,NA,NA,NA,NA,NA,NA,NA,NA,NA,NA,NA,NA,NA,NA,NA,NA,NA,NA,NA,NA,NA,35.4,NA,NA,NA,NA,NA,240,NA,NA,NA,NA,NA,NA,"True Sample",9.18,"rRNA gene",FALSE,2918,286,2918
"2018-5-30",9,"YNP035","SC 9 ft","Steep Cone","Outflow","SMU",2,"Swab",NA,NA,NA,NA,NA,NA,NA,NA,NA,NA,NA,NA,NA,NA,NA,NA,NA,NA,NA,NA,NA,NA,NA,NA,NA,NA,NA,NA,NA,NA,NA,NA,NA,NA,NA,NA,NA,NA,NA,NA,NA,NA,NA,NA,NA,NA,NA,NA,NA,NA,NA,NA,NA,NA,NA,NA,8,NA,NA,NA,NA,NA,NA,NA,NA,NA,NA,NA,NA,NA,NA,NA,NA,NA,NA,NA,NA,NA,NA,35.4,NA,NA,NA,NA,NA,240,NA,NA,NA,NA,NA,NA,"True Sample",7.09,"rRNA gene",FALSE,2918,286,2918
"2018-5-30",9,"YNP036","SC 9 ft","Steep Cone","Outflow","SMU",3,"Swab",NA,NA,NA,NA,NA,NA,NA,NA,NA,NA,NA,NA,NA,NA,NA,NA,NA,NA,NA,NA,NA,NA,NA,NA,NA,NA,NA,NA,NA,NA,NA,NA,NA,NA,NA,NA,NA,NA,NA,NA,NA,NA,NA,NA,NA,NA,NA,NA,NA,NA,NA,NA,NA,NA,NA,NA,8,NA,NA,NA,NA,NA,NA,NA,NA,NA,NA,NA,NA,NA,NA,NA,NA,NA,NA,NA,NA,NA,NA,35.4,NA,NA,NA,NA,NA,240,NA,NA,NA,NA,NA,NA,"True Sample",7.72,"rRNA gene",FALSE,2918,286,2918
"2018-5-30",12,"YNP037","SC 12 ft","Steep Cone","Outflow","SMU",1,"Swab",NA,NA,NA,NA,NA,NA,NA,NA,NA,NA,NA,NA,NA,NA,NA,NA,NA,NA,NA,NA,NA,NA,NA,NA,NA,NA,NA,NA,NA,NA,NA,NA,NA,NA,NA,NA,NA,NA,NA,NA,NA,NA,NA,NA,NA,NA,NA,NA,NA,NA,NA,NA,NA,NA,NA,NA,8,NA,NA,NA,NA,NA,NA,NA,NA,NA,NA,NA,NA,NA,NA,NA,NA,NA,NA,NA,NA,NA,NA,37.8,NA,NA,NA,NA,NA,240,NA,NA,NA,NA,NA,NA,"True Sample",5.21,"rRNA gene",FALSE,2918,286,2918
"2018-5-30",12,"YNP038","SC 12 ft","Steep Cone","Outflow","SMU",2,"Swab",NA,NA,NA,NA,NA,NA,NA,NA,NA,NA,NA,NA,NA,NA,NA,NA,NA,NA,NA,NA,NA,NA,NA,NA,NA,NA,NA,NA,NA,NA,NA,NA,NA,NA,NA,NA,NA,NA,NA,NA,NA,NA,NA,NA,NA,NA,NA,NA,NA,NA,NA,NA,NA,NA,NA,NA,8,NA,NA,NA,NA,NA,NA,NA,NA,NA,NA,NA,NA,NA,NA,NA,NA,NA,NA,NA,NA,NA,NA,37.8,NA,NA,NA,NA,NA,240,NA,NA,NA,NA,NA,NA,"True Sample",6.44,"rRNA gene",FALSE,2918,286,2918
"2018-5-30",12,"YNP039","SC 12 ft","Steep Cone","Outflow","SMU",3,"Swab",NA,NA,NA,NA,NA,NA,NA,NA,NA,NA,NA,NA,NA,NA,NA,NA,NA,NA,NA,NA,NA,NA,NA,NA,NA,NA,NA,NA,NA,NA,NA,NA,NA,NA,NA,NA,NA,NA,NA,NA,NA,NA,NA,NA,NA,NA,NA,NA,NA,NA,NA,NA,NA,NA,NA,NA,8,NA,NA,NA,NA,NA,NA,NA,NA,NA,NA,NA,NA,NA,NA,NA,NA,NA,NA,NA,NA,NA,NA,37.8,NA,NA,NA,NA,NA,240,NA,NA,NA,NA,NA,NA,"True Sample",8.76,"rRNA gene",FALSE,2918,286,2918
"2018-5-30",15,"YNP040","SC 15 ft","Steep Cone","Outflow","SMU",1,"Swab",NA,NA,NA,NA,NA,NA,NA,NA,NA,NA,NA,NA,NA,NA,NA,NA,NA,NA,NA,NA,NA,NA,NA,NA,NA,NA,NA,NA,NA,NA,NA,NA,NA,NA,NA,NA,NA,NA,NA,NA,NA,NA,NA,NA,NA,NA,NA,NA,NA,NA,NA,NA,NA,NA,NA,NA,8,NA,NA,NA,NA,NA,NA,NA,NA,NA,NA,NA,NA,NA,NA,NA,NA,NA,NA,NA,NA,NA,NA,35.4,NA,NA,NA,NA,NA,240,NA,NA,NA,NA,NA,NA,"True Sample",10.2,"rRNA gene",FALSE,2918,286,2918
"2018-5-30",15,"YNP041","SC 15 ft","Steep Cone","Outflow","SMU",2,"Swab",NA,NA,NA,NA,NA,NA,NA,NA,NA,NA,NA,NA,NA,NA,NA,NA,NA,NA,NA,NA,NA,NA,NA,NA,NA,NA,NA,NA,NA,NA,NA,NA,NA,NA,NA,NA,NA,NA,NA,NA,NA,NA,NA,NA,NA,NA,NA,NA,NA,NA,NA,NA,NA,NA,NA,NA,8,NA,NA,NA,NA,NA,NA,NA,NA,NA,NA,NA,NA,NA,NA,NA,NA,NA,NA,NA,NA,NA,NA,35.4,NA,NA,NA,NA,NA,240,NA,NA,NA,NA,NA,NA,"True Sample",6.25,"rRNA gene",FALSE,2918,286,2918
"2018-5-30",15,"YNP042","SC 15 ft","Steep Cone","Outflow","SMU",3,"Swab",NA,NA,NA,NA,NA,NA,NA,NA,NA,NA,NA,NA,NA,NA,NA,NA,NA,NA,NA,NA,NA,NA,NA,NA,NA,NA,NA,NA,NA,NA,NA,NA,NA,NA,NA,NA,NA,NA,NA,NA,NA,NA,NA,NA,NA,NA,NA,NA,NA,NA,NA,NA,NA,NA,NA,NA,8,NA,NA,NA,NA,NA,NA,NA,NA,NA,NA,NA,NA,NA,NA,NA,NA,NA,NA,NA,NA,NA,NA,35.4,NA,NA,NA,NA,NA,240,NA,NA,NA,NA,NA,NA,"True Sample",7.15,"rRNA gene",FALSE,2918,286,2918
"2018-7-26",0,"YNP063","Steep Cone Main","Steep Cone","Spring","Source",1,"Swab",NA,NA,NA,NA,NA,NA,NA,NA,NA,NA,NA,NA,NA,NA,NA,NA,NA,NA,NA,NA,NA,NA,NA,NA,NA,NA,NA,NA,NA,NA,NA,0,NA,NA,NA,NA,NA,NA,NA,NA,NA,NA,NA,NA,NA,NA,NA,NA,NA,NA,NA,NA,NA,NA,NA,NA,8.41,NA,NA,NA,NA,NA,NA,NA,NA,NA,NA,NA,NA,NA,NA,NA,NA,NA,NA,NA,NA,NA,NA,91.1,NA,NA,NA,NA,NA,240,NA,NA,NA,NA,NA,NA,"True Sample",6.61,"rRNA gene",FALSE,2975,58,58
"2018-7-26",3,"YNP067","SC 3 ft","Steep Cone","Outflow","SMU",1,"Swab",NA,NA,NA,NA,NA,NA,NA,NA,NA,NA,NA,NA,NA,NA,NA,NA,NA,NA,NA,NA,NA,NA,NA,NA,NA,NA,NA,NA,NA,NA,NA,4.3,0.134375,NA,NA,NA,NA,NA,NA,NA,NA,NA,NA,NA,NA,NA,NA,NA,NA,NA,NA,NA,NA,NA,NA,NA,8.56,NA,NA,NA,NA,NA,NA,NA,NA,NA,NA,NA,NA,NA,NA,NA,NA,NA,NA,NA,NA,NA,NA,64.2,NA,NA,NA,NA,NA,240,NA,NA,NA,NA,NA,NA,"True Sample",11.5,"rRNA gene",FALSE,2975,58,58
"2018-7-26",3,"YNP068","SC 3 ft","Steep Cone","Outflow","SMU",2,"Swab",NA,NA,NA,NA,NA,NA,NA,NA,NA,NA,NA,NA,NA,NA,NA,NA,NA,NA,NA,NA,NA,NA,NA,NA,NA,NA,NA,NA,NA,NA,NA,4.3,0.134375,NA,NA,NA,NA,NA,NA,NA,NA,NA,NA,NA,NA,NA,NA,NA,NA,NA,NA,NA,NA,NA,NA,NA,8.56,NA,NA,NA,NA,NA,NA,NA,NA,NA,NA,NA,NA,NA,NA,NA,NA,NA,NA,NA,NA,NA,NA,64.2,NA,NA,NA,NA,NA,240,NA,NA,NA,NA,NA,NA,"True Sample",11.1,"rRNA gene",FALSE,2975,58,58
"2018-7-26",3,"YNP069","SC 3 ft","Steep Cone","Outflow","SMU",3,"Swab",NA,NA,NA,NA,NA,NA,NA,NA,NA,NA,NA,NA,NA,NA,NA,NA,NA,NA,NA,NA,NA,NA,NA,NA,NA,NA,NA,NA,NA,NA,NA,4.3,0.134375,NA,NA,NA,NA,NA,NA,NA,NA,NA,NA,NA,NA,NA,NA,NA,NA,NA,NA,NA,NA,NA,NA,NA,8.56,NA,NA,NA,NA,NA,NA,NA,NA,NA,NA,NA,NA,NA,NA,NA,NA,NA,NA,NA,NA,NA,NA,64.2,NA,NA,NA,NA,NA,240,NA,NA,NA,NA,NA,NA,"True Sample",9.88,"rRNA gene",FALSE,2975,58,58
"2018-7-26",6,"YNP070","SC 6 ft","Steep Cone","Outflow","SMU",1,"Swab",NA,NA,NA,NA,NA,NA,NA,NA,NA,NA,NA,NA,NA,NA,NA,NA,NA,NA,NA,NA,NA,NA,NA,NA,NA,NA,NA,NA,NA,NA,NA,NA,NA,NA,NA,NA,NA,NA,NA,NA,NA,NA,NA,NA,NA,NA,NA,NA,NA,NA,NA,NA,NA,NA,NA,NA,8.77,NA,NA,NA,NA,NA,NA,NA,NA,NA,NA,NA,NA,NA,NA,NA,NA,NA,NA,NA,NA,NA,NA,53.6,NA,NA,NA,NA,NA,240,NA,NA,NA,NA,NA,NA,"True Sample",7.02,"rRNA gene",FALSE,2975,58,58
"2018-7-26",6,"YNP071","SC 6 ft","Steep Cone","Outflow","SMU",2,"Swab",NA,NA,NA,NA,NA,NA,NA,NA,NA,NA,NA,NA,NA,NA,NA,NA,NA,NA,NA,NA,NA,NA,NA,NA,NA,NA,NA,NA,NA,NA,NA,NA,NA,NA,NA,NA,NA,NA,NA,NA,NA,NA,NA,NA,NA,NA,NA,NA,NA,NA,NA,NA,NA,NA,NA,NA,8.77,NA,NA,NA,NA,NA,NA,NA,NA,NA,NA,NA,NA,NA,NA,NA,NA,NA,NA,NA,NA,NA,NA,53.6,NA,NA,NA,NA,NA,240,NA,NA,NA,NA,NA,NA,"True Sample",7.26,"rRNA gene",FALSE,2975,58,58
"2018-7-26",6,"YNP072","SC 6 ft","Steep Cone","Outflow","SMU",3,"Swab",NA,NA,NA,NA,NA,NA,NA,NA,NA,NA,NA,NA,NA,NA,NA,NA,NA,NA,NA,NA,NA,NA,NA,NA,NA,NA,NA,NA,NA,NA,NA,NA,NA,NA,NA,NA,NA,NA,NA,NA,NA,NA,NA,NA,NA,NA,NA,NA,NA,NA,NA,NA,NA,NA,NA,NA,8.77,NA,NA,NA,NA,NA,NA,NA,NA,NA,NA,NA,NA,NA,NA,NA,NA,NA,NA,NA,NA,NA,NA,53.6,NA,NA,NA,NA,NA,240,NA,NA,NA,NA,NA,NA,"True Sample",5.38,"rRNA gene",FALSE,2975,58,58
"2018-7-26",9,"YNP073","SC 9 ft","Steep Cone","Outflow","SMU",1,"Swab",NA,NA,NA,NA,NA,NA,NA,NA,NA,NA,NA,NA,NA,NA,NA,NA,NA,NA,NA,NA,NA,NA,NA,NA,NA,NA,NA,NA,NA,NA,NA,NA,NA,NA,NA,NA,NA,NA,NA,NA,NA,NA,NA,NA,NA,NA,NA,NA,NA,NA,NA,NA,NA,NA,NA,NA,8.88,NA,NA,NA,NA,NA,NA,NA,NA,NA,NA,NA,NA,NA,NA,NA,NA,NA,NA,NA,NA,NA,NA,45.9,NA,NA,NA,NA,NA,240,NA,NA,NA,NA,NA,NA,"True Sample",5,"rRNA gene",FALSE,2975,58,58
"2018-7-26",9,"YNP074","SC 9 ft","Steep Cone","Outflow","SMU",2,"Swab",NA,NA,NA,NA,NA,NA,NA,NA,NA,NA,NA,NA,NA,NA,NA,NA,NA,NA,NA,NA,NA,NA,NA,NA,NA,NA,NA,NA,NA,NA,NA,NA,NA,NA,NA,NA,NA,NA,NA,NA,NA,NA,NA,NA,NA,NA,NA,NA,NA,NA,NA,NA,NA,NA,NA,NA,8.88,NA,NA,NA,NA,NA,NA,NA,NA,NA,NA,NA,NA,NA,NA,NA,NA,NA,NA,NA,NA,NA,NA,45.9,NA,NA,NA,NA,NA,240,NA,NA,NA,NA,NA,NA,"True Sample",1.59,"rRNA gene",FALSE,2975,58,58
"2018-7-26",9,"YNP075","SC 9 ft","Steep Cone","Outflow","SMU",3,"Swab",NA,NA,NA,NA,NA,NA,NA,NA,NA,NA,NA,NA,NA,NA,NA,NA,NA,NA,NA,NA,NA,NA,NA,NA,NA,NA,NA,NA,NA,NA,NA,NA,NA,NA,NA,NA,NA,NA,NA,NA,NA,NA,NA,NA,NA,NA,NA,NA,NA,NA,NA,NA,NA,NA,NA,NA,8.88,NA,NA,NA,NA,NA,NA,NA,NA,NA,NA,NA,NA,NA,NA,NA,NA,NA,NA,NA,NA,NA,NA,45.9,NA,NA,NA,NA,NA,240,NA,NA,NA,NA,NA,NA,"True Sample",7.62,"rRNA gene",FALSE,2975,58,58
"2018-7-26",12,"YNP076","SC 12 ft","Steep Cone","Outflow","SMU",1,"Swab",NA,NA,NA,NA,NA,NA,NA,NA,NA,NA,NA,NA,NA,NA,NA,NA,NA,NA,NA,NA,NA,NA,NA,NA,NA,NA,NA,NA,NA,NA,NA,NA,NA,NA,NA,NA,NA,NA,NA,NA,NA,NA,NA,NA,NA,NA,NA,NA,NA,NA,NA,NA,NA,NA,NA,NA,8.86,NA,NA,NA,NA,NA,NA,NA,NA,NA,NA,NA,NA,NA,NA,NA,NA,NA,NA,NA,NA,NA,NA,42.8,NA,NA,NA,NA,NA,240,NA,NA,NA,NA,NA,NA,"True Sample",9.03,"rRNA gene",FALSE,2975,58,58
"2018-7-26",12,"YNP077","SC 12 ft","Steep Cone","Outflow","SMU",2,"Swab",NA,NA,NA,NA,NA,NA,NA,NA,NA,NA,NA,NA,NA,NA,NA,NA,NA,NA,NA,NA,NA,NA,NA,NA,NA,NA,NA,NA,NA,NA,NA,NA,NA,NA,NA,NA,NA,NA,NA,NA,NA,NA,NA,NA,NA,NA,NA,NA,NA,NA,NA,NA,NA,NA,NA,NA,8.86,NA,NA,NA,NA,NA,NA,NA,NA,NA,NA,NA,NA,NA,NA,NA,NA,NA,NA,NA,NA,NA,NA,42.8,NA,NA,NA,NA,NA,240,NA,NA,NA,NA,NA,NA,"True Sample",5.63,"rRNA gene",FALSE,2975,58,58
"2018-7-26",12,"YNP078","SC 12 ft","Steep Cone","Outflow","SMU",3,"Swab",NA,NA,NA,NA,NA,NA,NA,NA,NA,NA,NA,NA,NA,NA,NA,NA,NA,NA,NA,NA,NA,NA,NA,NA,NA,NA,NA,NA,NA,NA,NA,NA,NA,NA,NA,NA,NA,NA,NA,NA,NA,NA,NA,NA,NA,NA,NA,NA,NA,NA,NA,NA,NA,NA,NA,NA,8.86,NA,NA,NA,NA,NA,NA,NA,NA,NA,NA,NA,NA,NA,NA,NA,NA,NA,NA,NA,NA,NA,NA,42.8,NA,NA,NA,NA,NA,240,NA,NA,NA,NA,NA,NA,"True Sample",8.92,"rRNA gene",FALSE,2975,58,58
"2018-7-26",15,"YNP079","SC 15 ft","Steep Cone","Outflow","SMU",1,"Swab",NA,NA,NA,NA,NA,NA,NA,NA,NA,NA,NA,NA,NA,NA,NA,NA,NA,NA,NA,NA,NA,NA,NA,NA,NA,NA,NA,NA,NA,NA,NA,NA,NA,NA,NA,NA,NA,NA,NA,NA,NA,NA,NA,NA,NA,NA,NA,NA,NA,NA,NA,NA,NA,NA,NA,NA,8.92,NA,NA,NA,NA,NA,NA,NA,NA,NA,NA,NA,NA,NA,NA,NA,NA,NA,NA,NA,NA,NA,NA,31.3,NA,NA,NA,NA,NA,200,NA,NA,NA,NA,NA,NA,"True Sample",5.91,"rRNA gene",FALSE,2975,58,58
"2018-7-26",15,"YNP080","SC 15 ft","Steep Cone","Outflow","SMU",2,"Swab",NA,NA,NA,NA,NA,NA,NA,NA,NA,NA,NA,NA,NA,NA,NA,NA,NA,NA,NA,NA,NA,NA,NA,NA,NA,NA,NA,NA,NA,NA,NA,NA,NA,NA,NA,NA,NA,NA,NA,NA,NA,NA,NA,NA,NA,NA,NA,NA,NA,NA,NA,NA,NA,NA,NA,NA,8.92,NA,NA,NA,NA,NA,NA,NA,NA,NA,NA,NA,NA,NA,NA,NA,NA,NA,NA,NA,NA,NA,NA,31.3,NA,NA,NA,NA,NA,200,NA,NA,NA,NA,NA,NA,"True Sample",8,"rRNA gene",FALSE,2975,58,58
"2018-7-26",15,"YNP081","SC 15 ft","Steep Cone","Outflow","SMU",3,"Swab",NA,NA,NA,NA,NA,NA,NA,NA,NA,NA,NA,NA,NA,NA,NA,NA,NA,NA,NA,NA,NA,NA,NA,NA,NA,NA,NA,NA,NA,NA,NA,NA,NA,NA,NA,NA,NA,NA,NA,NA,NA,NA,NA,NA,NA,NA,NA,NA,NA,NA,NA,NA,NA,NA,NA,NA,8.92,NA,NA,NA,NA,NA,NA,NA,NA,NA,NA,NA,NA,NA,NA,NA,NA,NA,NA,NA,NA,NA,NA,31.3,NA,NA,NA,NA,NA,200,NA,NA,NA,NA,NA,NA,"True Sample",5.66,"rRNA gene",FALSE,2975,58,58
"2010-6-4",3,"YNP083","SC1a","Steep Cone","Outflow","SMU",1,"Biofilm",NA,NA,NA,NA,NA,NA,NA,NA,NA,NA,NA,NA,NA,NA,NA,NA,NA,NA,NA,NA,NA,NA,NA,NA,NA,NA,NA,NA,NA,NA,NA,NA,NA,NA,NA,NA,NA,NA,NA,NA,NA,NA,NA,NA,NA,NA,NA,NA,NA,NA,NA,NA,NA,NA,NA,NA,NA,NA,NA,NA,NA,NA,NA,NA,NA,NA,NA,NA,NA,NA,NA,NA,NA,NA,NA,NA,NA,NA,NA,NA,NA,NA,NA,NA,NA,NA,NA,NA,NA,NA,NA,NA,"True Sample",13,"rRNA gene",FALSE,0,0,0
"2010-6-4",3,"YNP084","SC1b","Steep Cone","Outflow","SMU",2,"Biofilm",NA,NA,NA,NA,NA,NA,NA,NA,NA,NA,NA,NA,NA,NA,NA,NA,NA,NA,NA,NA,NA,NA,NA,NA,NA,NA,NA,NA,NA,NA,NA,NA,NA,NA,NA,NA,NA,NA,NA,NA,NA,NA,NA,NA,NA,NA,NA,NA,NA,NA,NA,NA,NA,NA,NA,NA,NA,NA,NA,NA,NA,NA,NA,NA,NA,NA,NA,NA,NA,NA,NA,NA,NA,NA,NA,NA,NA,NA,NA,NA,NA,NA,NA,NA,NA,NA,NA,NA,NA,NA,NA,NA,"True Sample",10.8,"rRNA gene",FALSE,0,0,0
"2010-6-4",6,"YNP085","SC2a","Steep Cone","Outflow","SMU",1,"Biofilm",NA,NA,NA,NA,NA,NA,NA,NA,NA,NA,NA,NA,NA,NA,NA,NA,NA,NA,NA,NA,NA,NA,NA,NA,NA,NA,NA,NA,NA,NA,NA,NA,NA,NA,NA,NA,NA,NA,NA,NA,NA,NA,NA,NA,NA,NA,NA,NA,NA,NA,NA,NA,NA,NA,NA,NA,NA,NA,NA,NA,NA,NA,NA,NA,NA,NA,NA,NA,NA,NA,NA,NA,NA,NA,NA,NA,NA,NA,NA,NA,NA,NA,NA,NA,NA,NA,NA,NA,NA,NA,NA,NA,"True Sample",11.4,"rRNA gene",FALSE,0,0,0
"2010-6-4",6,"YNP086","SC2b","Steep Cone","Outflow","SMU",2,"Biofilm",NA,NA,NA,NA,NA,NA,NA,NA,NA,NA,NA,NA,NA,NA,NA,NA,NA,NA,NA,NA,NA,NA,NA,NA,NA,NA,NA,NA,NA,NA,NA,NA,NA,NA,NA,NA,NA,NA,NA,NA,NA,NA,NA,NA,NA,NA,NA,NA,NA,NA,NA,NA,NA,NA,NA,NA,NA,NA,NA,NA,NA,NA,NA,NA,NA,NA,NA,NA,NA,NA,NA,NA,NA,NA,NA,NA,NA,NA,NA,NA,NA,NA,NA,NA,NA,NA,NA,NA,NA,NA,NA,NA,"True Sample",9.24,"rRNA gene",FALSE,0,0,0
"2010-6-4",6,"YNP087","SC2c","Steep Cone","Outflow","SMU",3,"Biofilm",NA,NA,NA,NA,NA,NA,NA,NA,NA,NA,NA,NA,NA,NA,NA,NA,NA,NA,NA,NA,NA,NA,NA,NA,NA,NA,NA,NA,NA,NA,NA,NA,NA,NA,NA,NA,NA,NA,NA,NA,NA,NA,NA,NA,NA,NA,NA,NA,NA,NA,NA,NA,NA,NA,NA,NA,NA,NA,NA,NA,NA,NA,NA,NA,NA,NA,NA,NA,NA,NA,NA,NA,NA,NA,NA,NA,NA,NA,NA,NA,NA,NA,NA,NA,NA,NA,NA,NA,NA,NA,NA,NA,"True Sample",11.5,"rRNA gene",FALSE,0,0,0
"2010-6-4",9,"YNP088","SC3a","Steep Cone","Outflow","SMU",1,"Biofilm",NA,NA,NA,NA,NA,NA,NA,NA,NA,NA,NA,NA,NA,NA,NA,NA,NA,NA,NA,NA,NA,NA,NA,NA,NA,NA,NA,NA,NA,NA,NA,NA,NA,NA,NA,NA,NA,NA,NA,NA,NA,NA,NA,NA,NA,NA,NA,NA,NA,NA,NA,NA,NA,NA,NA,NA,NA,NA,NA,NA,NA,NA,NA,NA,NA,NA,NA,NA,NA,NA,NA,NA,NA,NA,NA,NA,NA,NA,NA,NA,NA,NA,NA,NA,NA,NA,NA,NA,NA,NA,NA,NA,"True Sample",9.86,"rRNA gene",FALSE,0,0,0
"2010-6-4",9,"YNP089","SC3b","Steep Cone","Outflow","SMU",2,"Biofilm",NA,NA,NA,NA,NA,NA,NA,NA,NA,NA,NA,NA,NA,NA,NA,NA,NA,NA,NA,NA,NA,NA,NA,NA,NA,NA,NA,NA,NA,NA,NA,NA,NA,NA,NA,NA,NA,NA,NA,NA,NA,NA,NA,NA,NA,NA,NA,NA,NA,NA,NA,NA,NA,NA,NA,NA,NA,NA,NA,NA,NA,NA,NA,NA,NA,NA,NA,NA,NA,NA,NA,NA,NA,NA,NA,NA,NA,NA,NA,NA,NA,NA,NA,NA,NA,NA,NA,NA,NA,NA,NA,NA,"True Sample",8.88,"rRNA gene",FALSE,0,0,0
"2010-6-4",9,"YNP090","SC3c","Steep Cone","Outflow","SMU",3,"Biofilm",NA,NA,NA,NA,NA,NA,NA,NA,NA,NA,NA,NA,NA,NA,NA,NA,NA,NA,NA,NA,NA,NA,NA,NA,NA,NA,NA,NA,NA,NA,NA,NA,NA,NA,NA,NA,NA,NA,NA,NA,NA,NA,NA,NA,NA,NA,NA,NA,NA,NA,NA,NA,NA,NA,NA,NA,NA,NA,NA,NA,NA,NA,NA,NA,NA,NA,NA,NA,NA,NA,NA,NA,NA,NA,NA,NA,NA,NA,NA,NA,NA,NA,NA,NA,NA,NA,NA,NA,NA,NA,NA,NA,"True Sample",10.8,"rRNA gene",FALSE,0,0,0
"2010-6-4",12,"YNP091","SC4a","Steep Cone","Outflow","SMU",1,"Biofilm",NA,NA,NA,NA,NA,NA,NA,NA,NA,NA,NA,NA,NA,NA,NA,NA,NA,NA,NA,NA,NA,NA,NA,NA,NA,NA,NA,NA,NA,NA,NA,NA,NA,NA,NA,NA,NA,NA,NA,NA,NA,NA,NA,NA,NA,NA,NA,NA,NA,NA,NA,NA,NA,NA,NA,NA,NA,NA,NA,NA,NA,NA,NA,NA,NA,NA,NA,NA,NA,NA,NA,NA,NA,NA,NA,NA,NA,NA,NA,NA,NA,NA,NA,NA,NA,NA,NA,NA,NA,NA,NA,NA,"True Sample",9.25,"rRNA gene",FALSE,0,0,0
"2010-6-4",12,"YNP092","SC4b","Steep Cone","Outflow","SMU",2,"Biofilm",NA,NA,NA,NA,NA,NA,NA,NA,NA,NA,NA,NA,NA,NA,NA,NA,NA,NA,NA,NA,NA,NA,NA,NA,NA,NA,NA,NA,NA,NA,NA,NA,NA,NA,NA,NA,NA,NA,NA,NA,NA,NA,NA,NA,NA,NA,NA,NA,NA,NA,NA,NA,NA,NA,NA,NA,NA,NA,NA,NA,NA,NA,NA,NA,NA,NA,NA,NA,NA,NA,NA,NA,NA,NA,NA,NA,NA,NA,NA,NA,NA,NA,NA,NA,NA,NA,NA,NA,NA,NA,NA,NA,"True Sample",9.68,"rRNA gene",FALSE,0,0,0
"2010-6-4",12,"YNP093","SC4c","Steep Cone","Outflow","SMU",3,"Biofilm",NA,NA,NA,NA,NA,NA,NA,NA,NA,NA,NA,NA,NA,NA,NA,NA,NA,NA,NA,NA,NA,NA,NA,NA,NA,NA,NA,NA,NA,NA,NA,NA,NA,NA,NA,NA,NA,NA,NA,NA,NA,NA,NA,NA,NA,NA,NA,NA,NA,NA,NA,NA,NA,NA,NA,NA,NA,NA,NA,NA,NA,NA,NA,NA,NA,NA,NA,NA,NA,NA,NA,NA,NA,NA,NA,NA,NA,NA,NA,NA,NA,NA,NA,NA,NA,NA,NA,NA,NA,NA,NA,NA,"True Sample",5.15,"rRNA gene",FALSE,0,0,0
"2010-6-4",15,"YNP094","SC5a","Steep Cone","Outflow","SMU",1,"Biofilm",NA,NA,NA,NA,NA,NA,NA,NA,NA,NA,NA,NA,NA,NA,NA,NA,NA,NA,NA,NA,NA,NA,NA,NA,NA,NA,NA,NA,NA,NA,NA,NA,NA,NA,NA,NA,NA,NA,NA,NA,NA,NA,NA,NA,NA,NA,NA,NA,NA,NA,NA,NA,NA,NA,NA,NA,NA,NA,NA,NA,NA,NA,NA,NA,NA,NA,NA,NA,NA,NA,NA,NA,NA,NA,NA,NA,NA,NA,NA,NA,NA,NA,NA,NA,NA,NA,NA,NA,NA,NA,NA,NA,"True Sample",10.4,"rRNA gene",FALSE,0,0,0
"2010-6-4",15,"YNP095","SC5b","Steep Cone","Outflow","SMU",2,"Biofilm",NA,NA,NA,NA,NA,NA,NA,NA,NA,NA,NA,NA,NA,NA,NA,NA,NA,NA,NA,NA,NA,NA,NA,NA,NA,NA,NA,NA,NA,NA,NA,NA,NA,NA,NA,NA,NA,NA,NA,NA,NA,NA,NA,NA,NA,NA,NA,NA,NA,NA,NA,NA,NA,NA,NA,NA,NA,NA,NA,NA,NA,NA,NA,NA,NA,NA,NA,NA,NA,NA,NA,NA,NA,NA,NA,NA,NA,NA,NA,NA,NA,NA,NA,NA,NA,NA,NA,NA,NA,NA,NA,NA,"True Sample",10.7,"rRNA gene",FALSE,0,0,0
"2010-6-4",15,"YNP096","SC5c","Steep Cone","Outflow","SMU",3,"Biofilm",NA,NA,NA,NA,NA,NA,NA,NA,NA,NA,NA,NA,NA,NA,NA,NA,NA,NA,NA,NA,NA,NA,NA,NA,NA,NA,NA,NA,NA,NA,NA,NA,NA,NA,NA,NA,NA,NA,NA,NA,NA,NA,NA,NA,NA,NA,NA,NA,NA,NA,NA,NA,NA,NA,NA,NA,NA,NA,NA,NA,NA,NA,NA,NA,NA,NA,NA,NA,NA,NA,NA,NA,NA,NA,NA,NA,NA,NA,NA,NA,NA,NA,NA,NA,NA,NA,NA,NA,NA,NA,NA,NA,"True Sample",5.57,"rRNA gene",FALSE,0,0,0
"2018-9-29",0,"YNP147","Steep Cone Main","Steep Cone","Spring","Source",1,"Swab",NA,NA,NA,NA,NA,NA,NA,NA,NA,NA,NA,NA,NA,NA,NA,NA,NA,NA,NA,NA,NA,NA,NA,NA,NA,NA,NA,NA,NA,NA,NA,NA,NA,NA,NA,NA,NA,NA,NA,NA,NA,NA,NA,NA,NA,NA,NA,NA,NA,NA,NA,NA,NA,NA,NA,NA,8.4,NA,NA,NA,NA,NA,NA,NA,NA,NA,NA,NA,NA,NA,NA,NA,NA,NA,NA,NA,NA,NA,NA,88.4,NA,NA,NA,NA,NA,NA,NA,NA,NA,NA,NA,NA,"True Sample",2.81,"rRNA gene",FALSE,3040,66,66
"2018-9-29",3,"YNP151","SC 3 ft","Steep Cone","Outflow","SMU",1,"Swab",NA,NA,NA,NA,NA,NA,NA,NA,NA,NA,NA,NA,NA,NA,NA,NA,NA,NA,NA,NA,NA,NA,NA,NA,NA,NA,NA,NA,NA,NA,NA,9.5,0.296875,NA,NA,NA,NA,NA,NA,NA,NA,NA,NA,NA,NA,NA,NA,NA,NA,NA,NA,NA,NA,NA,NA,NA,8,NA,NA,NA,NA,NA,NA,NA,NA,NA,NA,NA,NA,NA,NA,NA,NA,NA,NA,NA,NA,NA,NA,62.8,NA,NA,NA,NA,NA,NA,NA,NA,NA,NA,NA,NA,"True Sample",4.76,"rRNA gene",FALSE,3040,66,66
"2018-9-29",3,"YNP152","SC 3 ft","Steep Cone","Outflow","SMU",2,"Swab",NA,NA,NA,NA,NA,NA,NA,NA,NA,NA,NA,NA,NA,NA,NA,NA,NA,NA,NA,NA,NA,NA,NA,NA,NA,NA,NA,NA,NA,NA,NA,9.5,0.296875,NA,NA,NA,NA,NA,NA,NA,NA,NA,NA,NA,NA,NA,NA,NA,NA,NA,NA,NA,NA,NA,NA,NA,8,NA,NA,NA,NA,NA,NA,NA,NA,NA,NA,NA,NA,NA,NA,NA,NA,NA,NA,NA,NA,NA,NA,62.8,NA,NA,NA,NA,NA,NA,NA,NA,NA,NA,NA,NA,"True Sample",7.45,"rRNA gene",FALSE,3040,66,66
"2018-9-29",3,"YNP153","SC 3 ft","Steep Cone","Outflow","SMU",3,"Swab",NA,NA,NA,NA,NA,NA,NA,NA,NA,NA,NA,NA,NA,NA,NA,NA,NA,NA,NA,NA,NA,NA,NA,NA,NA,NA,NA,NA,NA,NA,NA,9.5,0.296875,NA,NA,NA,NA,NA,NA,NA,NA,NA,NA,NA,NA,NA,NA,NA,NA,NA,NA,NA,NA,NA,NA,NA,8,NA,NA,NA,NA,NA,NA,NA,NA,NA,NA,NA,NA,NA,NA,NA,NA,NA,NA,NA,NA,NA,NA,62.8,NA,NA,NA,NA,NA,NA,NA,NA,NA,NA,NA,NA,"True Sample",6.92,"rRNA gene",FALSE,3040,66,66
"2018-9-29",6,"YNP154","SC 6 ft","Steep Cone","Outflow","SMU",1,"Swab",NA,NA,NA,NA,NA,NA,NA,NA,NA,NA,NA,NA,NA,NA,NA,NA,NA,NA,NA,NA,NA,NA,NA,NA,NA,NA,NA,NA,NA,NA,NA,11,0.34375,NA,NA,NA,NA,NA,NA,NA,NA,NA,NA,NA,NA,NA,NA,NA,NA,NA,NA,NA,NA,NA,NA,NA,8.1,NA,NA,NA,NA,NA,NA,NA,NA,NA,NA,NA,NA,NA,NA,NA,NA,NA,NA,NA,NA,NA,NA,53.1,NA,NA,NA,NA,NA,NA,NA,NA,NA,NA,NA,NA,"True Sample",4.81,"rRNA gene",FALSE,3040,66,66
"2018-9-29",6,"YNP155","SC 6 ft","Steep Cone","Outflow","SMU",2,"Swab",NA,NA,NA,NA,NA,NA,NA,NA,NA,NA,NA,NA,NA,NA,NA,NA,NA,NA,NA,NA,NA,NA,NA,NA,NA,NA,NA,NA,NA,NA,NA,11,0.34375,NA,NA,NA,NA,NA,NA,NA,NA,NA,NA,NA,NA,NA,NA,NA,NA,NA,NA,NA,NA,NA,NA,NA,8.1,NA,NA,NA,NA,NA,NA,NA,NA,NA,NA,NA,NA,NA,NA,NA,NA,NA,NA,NA,NA,NA,NA,53.1,NA,NA,NA,NA,NA,NA,NA,NA,NA,NA,NA,NA,"True Sample",6.7,"rRNA gene",FALSE,3040,66,66
"2018-9-29",6,"YNP156","SC 6 ft","Steep Cone","Outflow","SMU",3,"Swab",NA,NA,NA,NA,NA,NA,NA,NA,NA,NA,NA,NA,NA,NA,NA,NA,NA,NA,NA,NA,NA,NA,NA,NA,NA,NA,NA,NA,NA,NA,NA,11,0.34375,NA,NA,NA,NA,NA,NA,NA,NA,NA,NA,NA,NA,NA,NA,NA,NA,NA,NA,NA,NA,NA,NA,NA,8.1,NA,NA,NA,NA,NA,NA,NA,NA,NA,NA,NA,NA,NA,NA,NA,NA,NA,NA,NA,NA,NA,NA,53.1,NA,NA,NA,NA,NA,NA,NA,NA,NA,NA,NA,NA,"True Sample",7.53,"rRNA gene",FALSE,3040,66,66
"2018-9-29",9,"YNP157","SC 9 ft","Steep Cone","Outflow","SMU",1,"Swab",NA,NA,NA,NA,NA,NA,NA,NA,NA,NA,NA,NA,NA,NA,NA,NA,NA,NA,NA,NA,NA,NA,NA,NA,NA,NA,NA,NA,NA,NA,NA,NA,NA,NA,NA,NA,NA,NA,NA,NA,NA,NA,NA,NA,NA,NA,NA,NA,NA,NA,NA,NA,NA,NA,NA,NA,8.2,NA,NA,NA,NA,NA,NA,NA,NA,NA,NA,NA,NA,NA,NA,NA,NA,NA,NA,NA,NA,NA,NA,46.9,NA,NA,NA,NA,NA,NA,NA,NA,NA,NA,NA,NA,"True Sample",6.22,"rRNA gene",FALSE,3040,66,66
"2018-9-29",9,"YNP158","SC 9 ft","Steep Cone","Outflow","SMU",2,"Swab",NA,NA,NA,NA,NA,NA,NA,NA,NA,NA,NA,NA,NA,NA,NA,NA,NA,NA,NA,NA,NA,NA,NA,NA,NA,NA,NA,NA,NA,NA,NA,NA,NA,NA,NA,NA,NA,NA,NA,NA,NA,NA,NA,NA,NA,NA,NA,NA,NA,NA,NA,NA,NA,NA,NA,NA,8.2,NA,NA,NA,NA,NA,NA,NA,NA,NA,NA,NA,NA,NA,NA,NA,NA,NA,NA,NA,NA,NA,NA,46.9,NA,NA,NA,NA,NA,NA,NA,NA,NA,NA,NA,NA,"True Sample",9.97,"rRNA gene",FALSE,3040,66,66
"2018-9-29",9,"YNP159","SC 9 ft","Steep Cone","Outflow","SMU",3,"Swab",NA,NA,NA,NA,NA,NA,NA,NA,NA,NA,NA,NA,NA,NA,NA,NA,NA,NA,NA,NA,NA,NA,NA,NA,NA,NA,NA,NA,NA,NA,NA,NA,NA,NA,NA,NA,NA,NA,NA,NA,NA,NA,NA,NA,NA,NA,NA,NA,NA,NA,NA,NA,NA,NA,NA,NA,8.2,NA,NA,NA,NA,NA,NA,NA,NA,NA,NA,NA,NA,NA,NA,NA,NA,NA,NA,NA,NA,NA,NA,46.9,NA,NA,NA,NA,NA,NA,NA,NA,NA,NA,NA,NA,"True Sample",5.08,"rRNA gene",FALSE,3040,66,66
"2018-9-29",12,"YNP160","SC 12 ft","Steep Cone","Outflow","SMU",1,"Swab",NA,NA,NA,NA,NA,NA,NA,NA,NA,NA,NA,NA,NA,NA,NA,NA,NA,NA,NA,NA,NA,NA,NA,NA,NA,NA,NA,NA,NA,NA,NA,15.8,0.49375,NA,NA,NA,NA,NA,NA,NA,NA,NA,NA,NA,NA,NA,NA,NA,NA,NA,NA,NA,NA,NA,NA,NA,8.4,NA,NA,NA,NA,NA,NA,NA,NA,NA,NA,NA,NA,NA,NA,NA,NA,NA,NA,NA,NA,NA,NA,45.2,NA,NA,NA,NA,NA,NA,NA,NA,NA,NA,NA,NA,"True Sample",7.31,"rRNA gene",FALSE,3040,66,66
"2018-9-29",12,"YNP161","SC 12 ft","Steep Cone","Outflow","SMU",2,"Swab",NA,NA,NA,NA,NA,NA,NA,NA,NA,NA,NA,NA,NA,NA,NA,NA,NA,NA,NA,NA,NA,NA,NA,NA,NA,NA,NA,NA,NA,NA,NA,15.8,0.49375,NA,NA,NA,NA,NA,NA,NA,NA,NA,NA,NA,NA,NA,NA,NA,NA,NA,NA,NA,NA,NA,NA,NA,8.4,NA,NA,NA,NA,NA,NA,NA,NA,NA,NA,NA,NA,NA,NA,NA,NA,NA,NA,NA,NA,NA,NA,45.2,NA,NA,NA,NA,NA,NA,NA,NA,NA,NA,NA,NA,"True Sample",7.14,"rRNA gene",FALSE,3040,66,66
"2018-9-29",12,"YNP162","SC 12 ft","Steep Cone","Outflow","SMU",3,"Swab",NA,NA,NA,NA,NA,NA,NA,NA,NA,NA,NA,NA,NA,NA,NA,NA,NA,NA,NA,NA,NA,NA,NA,NA,NA,NA,NA,NA,NA,NA,NA,15.8,0.49375,NA,NA,NA,NA,NA,NA,NA,NA,NA,NA,NA,NA,NA,NA,NA,NA,NA,NA,NA,NA,NA,NA,NA,8.4,NA,NA,NA,NA,NA,NA,NA,NA,NA,NA,NA,NA,NA,NA,NA,NA,NA,NA,NA,NA,NA,NA,45.2,NA,NA,NA,NA,NA,NA,NA,NA,NA,NA,NA,NA,"True Sample",12.6,"rRNA gene",FALSE,3040,66,66
"2018-9-29",15,"YNP163","SC 15 ft","Steep Cone","Outflow","SMU",1,"Swab",NA,NA,NA,NA,NA,NA,NA,NA,NA,NA,NA,NA,NA,NA,NA,NA,NA,NA,NA,NA,NA,NA,NA,NA,NA,NA,NA,NA,NA,NA,NA,12,0.375,NA,NA,NA,NA,NA,NA,NA,NA,NA,NA,NA,NA,NA,NA,NA,NA,NA,NA,NA,NA,NA,NA,NA,8.4,NA,NA,NA,NA,NA,NA,NA,NA,NA,NA,NA,NA,NA,NA,NA,NA,NA,NA,NA,NA,NA,NA,40.5,NA,NA,NA,NA,NA,NA,NA,NA,NA,NA,NA,NA,"True Sample",6.13,"rRNA gene",FALSE,3040,66,66
"2018-9-29",15,"YNP164","SC 15 ft","Steep Cone","Outflow","SMU",2,"Swab",NA,NA,NA,NA,NA,NA,NA,NA,NA,NA,NA,NA,NA,NA,NA,NA,NA,NA,NA,NA,NA,NA,NA,NA,NA,NA,NA,NA,NA,NA,NA,12,0.375,NA,NA,NA,NA,NA,NA,NA,NA,NA,NA,NA,NA,NA,NA,NA,NA,NA,NA,NA,NA,NA,NA,NA,8.4,NA,NA,NA,NA,NA,NA,NA,NA,NA,NA,NA,NA,NA,NA,NA,NA,NA,NA,NA,NA,NA,NA,40.5,NA,NA,NA,NA,NA,NA,NA,NA,NA,NA,NA,NA,"True Sample",9.99,"rRNA gene",FALSE,3040,66,66
"2018-9-29",15,"YNP165","SC 15 ft","Steep Cone","Outflow","SMU",3,"Swab",NA,NA,NA,NA,NA,NA,NA,NA,NA,NA,NA,NA,NA,NA,NA,NA,NA,NA,NA,NA,NA,NA,NA,NA,NA,NA,NA,NA,NA,NA,NA,12,0.375,NA,NA,NA,NA,NA,NA,NA,NA,NA,NA,NA,NA,NA,NA,NA,NA,NA,NA,NA,NA,NA,NA,NA,8.4,NA,NA,NA,NA,NA,NA,NA,NA,NA,NA,NA,NA,NA,NA,NA,NA,NA,NA,NA,NA,NA,NA,40.5,NA,NA,NA,NA,NA,NA,NA,NA,NA,NA,NA,NA,"True Sample",6.46,"rRNA gene",FALSE,3040,66,66
"2019-8-11",0,"YNP200","Steep Cone Main","Steep Cone","Spring","Source",1,"Swab",NA,NA,NA,NA,NA,NA,NA,NA,NA,NA,NA,NA,NA,NA,NA,NA,NA,NA,NA,NA,NA,NA,NA,NA,1040,NA,NA,NA,NA,NA,NA,NA,NA,NA,NA,NA,NA,NA,NA,NA,NA,NA,NA,NA,NA,NA,NA,NA,NA,NA,NA,NA,NA,NA,NA,NA,7,NA,NA,NA,NA,NA,NA,NA,NA,270,4.49400798934754,NA,NA,NA,NA,NA,NA,NA,NA,NA,NA,NA,NA,93,NA,NA,NA,NA,NA,NA,NA,NA,NA,NA,NA,NA,"True Sample",2.37,"rRNA gene",FALSE,3356,317,317
"2019-8-11",3,"YNP204","SC 3 ft","Steep Cone","Outflow","SMU",1,"Swab",NA,NA,NA,NA,NA,NA,NA,NA,NA,NA,NA,NA,NA,NA,NA,NA,NA,NA,NA,NA,NA,NA,NA,NA,1103,NA,NA,NA,NA,NA,NA,NA,NA,NA,NA,NA,NA,NA,NA,NA,NA,NA,NA,NA,NA,NA,NA,NA,NA,NA,NA,NA,NA,NA,NA,NA,8,NA,NA,NA,NA,NA,NA,NA,NA,330,5.49267643142477,NA,NA,NA,NA,NA,NA,NA,NA,NA,NA,NA,NA,68,NA,NA,NA,NA,NA,NA,NA,NA,NA,NA,NA,NA,"True Sample",2.08,"rRNA gene",FALSE,3356,317,317
"2019-8-11",3,"YNP205","SC 3 ft","Steep Cone","Outflow","SMU",2,"Swab",NA,NA,NA,NA,NA,NA,NA,NA,NA,NA,NA,NA,NA,NA,NA,NA,NA,NA,NA,NA,NA,NA,NA,NA,1103,NA,NA,NA,NA,NA,NA,NA,NA,NA,NA,NA,NA,NA,NA,NA,NA,NA,NA,NA,NA,NA,NA,NA,NA,NA,NA,NA,NA,NA,NA,NA,8,NA,NA,NA,NA,NA,NA,NA,NA,330,5.49267643142477,NA,NA,NA,NA,NA,NA,NA,NA,NA,NA,NA,NA,68,NA,NA,NA,NA,NA,NA,NA,NA,NA,NA,NA,NA,"True Sample",1.36,"rRNA gene",FALSE,3356,317,317
"2019-8-11",3,"YNP206","SC 3 ft","Steep Cone","Outflow","SMU",3,"Swab",NA,NA,NA,NA,NA,NA,NA,NA,NA,NA,NA,NA,NA,NA,NA,NA,NA,NA,NA,NA,NA,NA,NA,NA,1103,NA,NA,NA,NA,NA,NA,NA,NA,NA,NA,NA,NA,NA,NA,NA,NA,NA,NA,NA,NA,NA,NA,NA,NA,NA,NA,NA,NA,NA,NA,NA,8,NA,NA,NA,NA,NA,NA,NA,NA,330,5.49267643142477,NA,NA,NA,NA,NA,NA,NA,NA,NA,NA,NA,NA,68,NA,NA,NA,NA,NA,NA,NA,NA,NA,NA,NA,NA,"True Sample",2.29,"rRNA gene",FALSE,3356,317,317
"2019-8-11",6,"YNP207","SC 6 ft","Steep Cone","Outflow","SMU",1,"Swab",NA,NA,NA,NA,NA,NA,NA,NA,NA,NA,NA,NA,NA,NA,NA,NA,NA,NA,NA,NA,NA,NA,NA,NA,1099,NA,NA,NA,NA,NA,NA,3.82,0.119375,NA,NA,NA,NA,NA,NA,NA,NA,NA,NA,NA,NA,NA,NA,NA,NA,NA,NA,NA,NA,NA,NA,NA,8,NA,NA,NA,NA,NA,NA,NA,NA,360,5.99201065246338,NA,NA,NA,NA,NA,NA,NA,NA,NA,NA,NA,NA,63,NA,NA,NA,NA,NA,NA,NA,NA,NA,NA,NA,NA,"True Sample",1.96,"rRNA gene",FALSE,3356,317,317
"2019-8-11",6,"YNP208","SC 6 ft","Steep Cone","Outflow","SMU",2,"Swab",NA,NA,NA,NA,NA,NA,NA,NA,NA,NA,NA,NA,NA,NA,NA,NA,NA,NA,NA,NA,NA,NA,NA,NA,1099,NA,NA,NA,NA,NA,NA,3.82,0.119375,NA,NA,NA,NA,NA,NA,NA,NA,NA,NA,NA,NA,NA,NA,NA,NA,NA,NA,NA,NA,NA,NA,NA,8,NA,NA,NA,NA,NA,NA,NA,NA,360,5.99201065246338,NA,NA,NA,NA,NA,NA,NA,NA,NA,NA,NA,NA,63,NA,NA,NA,NA,NA,NA,NA,NA,NA,NA,NA,NA,"True Sample",2.79,"rRNA gene",FALSE,3356,317,317
"2019-8-11",6,"YNP209","SC 6 ft","Steep Cone","Outflow","SMU",3,"Swab",NA,NA,NA,NA,NA,NA,NA,NA,NA,NA,NA,NA,NA,NA,NA,NA,NA,NA,NA,NA,NA,NA,NA,NA,1099,NA,NA,NA,NA,NA,NA,3.82,0.119375,NA,NA,NA,NA,NA,NA,NA,NA,NA,NA,NA,NA,NA,NA,NA,NA,NA,NA,NA,NA,NA,NA,NA,8,NA,NA,NA,NA,NA,NA,NA,NA,360,5.99201065246338,NA,NA,NA,NA,NA,NA,NA,NA,NA,NA,NA,NA,63,NA,NA,NA,NA,NA,NA,NA,NA,NA,NA,NA,NA,"True Sample",1.78,"rRNA gene",FALSE,3356,317,317
"2019-8-11",9,"YNP210","SC 9 ft","Steep Cone","Outflow","SMU",1,"Swab",NA,NA,NA,NA,NA,NA,NA,NA,NA,NA,NA,NA,NA,NA,NA,NA,NA,NA,NA,NA,NA,NA,NA,NA,1103,NA,NA,NA,NA,NA,NA,4.07,0.1271875,NA,NA,NA,NA,NA,NA,NA,NA,NA,NA,NA,NA,NA,NA,NA,NA,NA,NA,NA,NA,NA,NA,NA,8,NA,NA,NA,NA,NA,NA,NA,NA,340,5.65912117177097,NA,NA,NA,NA,NA,NA,NA,NA,NA,NA,NA,NA,48,NA,NA,NA,NA,NA,NA,NA,NA,NA,NA,NA,NA,"True Sample",1.95,"rRNA gene",FALSE,3356,317,317
"2019-8-11",9,"YNP211","SC 9 ft","Steep Cone","Outflow","SMU",2,"Swab",NA,NA,NA,NA,NA,NA,NA,NA,NA,NA,NA,NA,NA,NA,NA,NA,NA,NA,NA,NA,NA,NA,NA,NA,1103,NA,NA,NA,NA,NA,NA,4.07,0.1271875,NA,NA,NA,NA,NA,NA,NA,NA,NA,NA,NA,NA,NA,NA,NA,NA,NA,NA,NA,NA,NA,NA,NA,8,NA,NA,NA,NA,NA,NA,NA,NA,340,5.65912117177097,NA,NA,NA,NA,NA,NA,NA,NA,NA,NA,NA,NA,48,NA,NA,NA,NA,NA,NA,NA,NA,NA,NA,NA,NA,"True Sample",2.19,"rRNA gene",FALSE,3356,317,317
"2019-8-11",9,"YNP212","SC 9 ft","Steep Cone","Outflow","SMU",3,"Swab",NA,NA,NA,NA,NA,NA,NA,NA,NA,NA,NA,NA,NA,NA,NA,NA,NA,NA,NA,NA,NA,NA,NA,NA,1103,NA,NA,NA,NA,NA,NA,4.07,0.1271875,NA,NA,NA,NA,NA,NA,NA,NA,NA,NA,NA,NA,NA,NA,NA,NA,NA,NA,NA,NA,NA,NA,NA,8,NA,NA,NA,NA,NA,NA,NA,NA,340,5.65912117177097,NA,NA,NA,NA,NA,NA,NA,NA,NA,NA,NA,NA,48,NA,NA,NA,NA,NA,NA,NA,NA,NA,NA,NA,NA,"True Sample",1.11,"rRNA gene",FALSE,3356,317,317
"2019-8-11",12,"YNP213","SC 12 ft","Steep Cone","Outflow","SMU",1,"Swab",NA,NA,NA,NA,NA,NA,NA,NA,NA,NA,NA,NA,NA,NA,NA,NA,NA,NA,NA,NA,NA,NA,NA,NA,NA,NA,NA,NA,NA,NA,NA,5.67,0.1771875,NA,NA,NA,NA,NA,NA,NA,NA,NA,NA,NA,NA,NA,NA,NA,NA,NA,NA,NA,NA,NA,NA,NA,7.5,NA,NA,NA,NA,NA,NA,NA,NA,370,6.15845539280959,NA,NA,NA,NA,NA,NA,NA,NA,NA,NA,NA,NA,26,NA,NA,NA,NA,NA,NA,NA,NA,NA,NA,NA,NA,"True Sample",1.41,"rRNA gene",FALSE,3356,317,317
"2019-8-11",12,"YNP214","SC 12 ft","Steep Cone","Outflow","SMU",2,"Swab",NA,NA,NA,NA,NA,NA,NA,NA,NA,NA,NA,NA,NA,NA,NA,NA,NA,NA,NA,NA,NA,NA,NA,NA,NA,NA,NA,NA,NA,NA,NA,5.67,0.1771875,NA,NA,NA,NA,NA,NA,NA,NA,NA,NA,NA,NA,NA,NA,NA,NA,NA,NA,NA,NA,NA,NA,NA,7.5,NA,NA,NA,NA,NA,NA,NA,NA,370,6.15845539280959,NA,NA,NA,NA,NA,NA,NA,NA,NA,NA,NA,NA,26,NA,NA,NA,NA,NA,NA,NA,NA,NA,NA,NA,NA,"True Sample",1.37,"rRNA gene",FALSE,3356,317,317
"2019-8-11",12,"YNP215","SC 12 ft","Steep Cone","Outflow","SMU",3,"Swab",NA,NA,NA,NA,NA,NA,NA,NA,NA,NA,NA,NA,NA,NA,NA,NA,NA,NA,NA,NA,NA,NA,NA,NA,NA,NA,NA,NA,NA,NA,NA,5.67,0.1771875,NA,NA,NA,NA,NA,NA,NA,NA,NA,NA,NA,NA,NA,NA,NA,NA,NA,NA,NA,NA,NA,NA,NA,7.5,NA,NA,NA,NA,NA,NA,NA,NA,370,6.15845539280959,NA,NA,NA,NA,NA,NA,NA,NA,NA,NA,NA,NA,26,NA,NA,NA,NA,NA,NA,NA,NA,NA,NA,NA,NA,"True Sample",2.01,"rRNA gene",FALSE,3356,317,317
"2019-8-11",15,"YNP216","SC 15 ft","Steep Cone","Outflow","SMU",1,"Swab",NA,NA,NA,NA,NA,NA,NA,NA,NA,NA,NA,NA,NA,NA,NA,NA,NA,NA,NA,NA,NA,NA,NA,NA,NA,NA,NA,NA,NA,NA,NA,NA,NA,NA,NA,NA,NA,NA,NA,NA,NA,NA,NA,NA,NA,NA,NA,NA,NA,NA,NA,NA,NA,NA,NA,NA,7.5,NA,NA,NA,NA,NA,NA,NA,NA,370,6.15845539280959,NA,NA,NA,NA,NA,NA,NA,NA,NA,NA,NA,NA,25,NA,NA,NA,NA,NA,NA,NA,NA,NA,NA,NA,NA,"True Sample",1.18,"rRNA gene",FALSE,3356,317,317
"2019-8-11",15,"YNP217","SC 15 ft","Steep Cone","Outflow","SMU",2,"Swab",NA,NA,NA,NA,NA,NA,NA,NA,NA,NA,NA,NA,NA,NA,NA,NA,NA,NA,NA,NA,NA,NA,NA,NA,NA,NA,NA,NA,NA,NA,NA,NA,NA,NA,NA,NA,NA,NA,NA,NA,NA,NA,NA,NA,NA,NA,NA,NA,NA,NA,NA,NA,NA,NA,NA,NA,7.5,NA,NA,NA,NA,NA,NA,NA,NA,370,6.15845539280959,NA,NA,NA,NA,NA,NA,NA,NA,NA,NA,NA,NA,25,NA,NA,NA,NA,NA,NA,NA,NA,NA,NA,NA,NA,"True Sample",2.16,"rRNA gene",FALSE,3356,317,317
"2019-8-11",15,"YNP218","SC 15 ft","Steep Cone","Outflow","SMU",3,"Swab",NA,NA,NA,NA,NA,NA,NA,NA,NA,NA,NA,NA,NA,NA,NA,NA,NA,NA,NA,NA,NA,NA,NA,NA,NA,NA,NA,NA,NA,NA,NA,NA,NA,NA,NA,NA,NA,NA,NA,NA,NA,NA,NA,NA,NA,NA,NA,NA,NA,NA,NA,NA,NA,NA,NA,NA,7.5,NA,NA,NA,NA,NA,NA,NA,NA,370,6.15845539280959,NA,NA,NA,NA,NA,NA,NA,NA,NA,NA,NA,NA,25,NA,NA,NA,NA,NA,NA,NA,NA,NA,NA,NA,NA,"True Sample",2.06,"rRNA gene",FALSE,3356,317,317
"2020-8-21",0,"YNP312","Steep Cone Main","Steep Cone","Spring","Source",1,"Swab",NA,NA,NA,NA,NA,NA,NA,NA,NA,NA,NA,NA,NA,NA,NA,NA,NA,NA,NA,NA,NA,NA,NA,NA,1116,NA,NA,NA,NA,NA,NA,1000,NA,NA,2000,NA,NA,NA,NA,NA,NA,NA,NA,NA,NA,NA,NA,NA,NA,NA,NA,NA,NA,NA,NA,NA,7.91,NA,NA,NA,NA,NA,NA,NA,NA,387.5,6.44973368841545,NA,NA,NA,NA,NA,NA,NA,NA,NA,NA,NA,NA,88,NA,NA,NA,NA,NA,NA,NA,NA,NA,NA,NA,NA,"True Sample",8.03,"rRNA gene",FALSE,3732,377,377
"2020-8-21",3,"YNP313","SC 3 ft","Steep Cone","Outflow","SMU",1,"Swab",NA,NA,NA,NA,NA,NA,NA,NA,NA,NA,NA,NA,NA,NA,NA,NA,NA,NA,NA,NA,NA,NA,NA,NA,1132,NA,NA,NA,NA,NA,NA,1000,NA,NA,400,NA,NA,NA,NA,NA,NA,NA,NA,NA,NA,NA,NA,NA,NA,NA,NA,NA,NA,NA,NA,NA,8.51,NA,NA,NA,NA,NA,NA,NA,NA,385,6.40812250332889,NA,NA,NA,NA,NA,NA,NA,NA,NA,NA,NA,NA,60,NA,NA,NA,NA,NA,NA,NA,NA,NA,NA,NA,NA,"True Sample",11.2,"rRNA gene",FALSE,3732,377,377
"2020-8-21",3,"YNP314","SC 3 ft","Steep Cone","Outflow","SMU",2,"Swab",NA,NA,NA,NA,NA,NA,NA,NA,NA,NA,NA,NA,NA,NA,NA,NA,NA,NA,NA,NA,NA,NA,NA,NA,1132,NA,NA,NA,NA,NA,NA,1000,NA,NA,400,NA,NA,NA,NA,NA,NA,NA,NA,NA,NA,NA,NA,NA,NA,NA,NA,NA,NA,NA,NA,NA,8.51,NA,NA,NA,NA,NA,NA,NA,NA,385,6.40812250332889,NA,NA,NA,NA,NA,NA,NA,NA,NA,NA,NA,NA,60,NA,NA,NA,NA,NA,NA,NA,NA,NA,NA,NA,NA,"True Sample",9.45,"rRNA gene",FALSE,3732,377,377
"2020-8-21",3,"YNP315","SC 3 ft","Steep Cone","Outflow","SMU",3,"Swab",NA,NA,NA,NA,NA,NA,NA,NA,NA,NA,NA,NA,NA,NA,NA,NA,NA,NA,NA,NA,NA,NA,NA,NA,1132,NA,NA,NA,NA,NA,NA,1000,NA,NA,400,NA,NA,NA,NA,NA,NA,NA,NA,NA,NA,NA,NA,NA,NA,NA,NA,NA,NA,NA,NA,NA,8.51,NA,NA,NA,NA,NA,NA,NA,NA,385,6.40812250332889,NA,NA,NA,NA,NA,NA,NA,NA,NA,NA,NA,NA,60,NA,NA,NA,NA,NA,NA,NA,NA,NA,NA,NA,NA,"True Sample",5.07,"rRNA gene",FALSE,3732,377,377
"2020-8-21",6,"YNP316","SC 6 ft","Steep Cone","Outflow","SMU",1,"Swab",NA,NA,NA,NA,NA,NA,NA,NA,NA,NA,NA,NA,NA,NA,NA,NA,NA,NA,NA,NA,NA,NA,NA,NA,1141,NA,NA,NA,NA,NA,NA,1000,NA,NA,360,NA,NA,NA,NA,NA,NA,NA,NA,NA,NA,NA,NA,NA,NA,NA,NA,NA,NA,NA,NA,NA,8.5,NA,NA,NA,NA,NA,NA,NA,NA,417.5,6.94906790945406,NA,NA,NA,NA,NA,NA,NA,NA,NA,NA,NA,NA,57,NA,NA,NA,NA,NA,NA,NA,NA,NA,NA,NA,NA,"True Sample",3.21,"rRNA gene",FALSE,3732,377,377
"2020-8-21",6,"YNP317","SC 6 ft","Steep Cone","Outflow","SMU",2,"Swab",NA,NA,NA,NA,NA,NA,NA,NA,NA,NA,NA,NA,NA,NA,NA,NA,NA,NA,NA,NA,NA,NA,NA,NA,1141,NA,NA,NA,NA,NA,NA,1000,NA,NA,360,NA,NA,NA,NA,NA,NA,NA,NA,NA,NA,NA,NA,NA,NA,NA,NA,NA,NA,NA,NA,NA,8.5,NA,NA,NA,NA,NA,NA,NA,NA,417.5,6.94906790945406,NA,NA,NA,NA,NA,NA,NA,NA,NA,NA,NA,NA,57,NA,NA,NA,NA,NA,NA,NA,NA,NA,NA,NA,NA,"True Sample",8.52,"rRNA gene",FALSE,3732,377,377
"2020-8-21",6,"YNP318","SC 6 ft","Steep Cone","Outflow","SMU",3,"Swab",NA,NA,NA,NA,NA,NA,NA,NA,NA,NA,NA,NA,NA,NA,NA,NA,NA,NA,NA,NA,NA,NA,NA,NA,1141,NA,NA,NA,NA,NA,NA,1000,NA,NA,360,NA,NA,NA,NA,NA,NA,NA,NA,NA,NA,NA,NA,NA,NA,NA,NA,NA,NA,NA,NA,NA,8.5,NA,NA,NA,NA,NA,NA,NA,NA,417.5,6.94906790945406,NA,NA,NA,NA,NA,NA,NA,NA,NA,NA,NA,NA,57,NA,NA,NA,NA,NA,NA,NA,NA,NA,NA,NA,NA,"True Sample",6.45,"rRNA gene",FALSE,3732,377,377
"2020-8-21",9,"YNP319","SC 9 ft","Steep Cone","Outflow","SMU",1,"Swab",NA,NA,NA,NA,NA,NA,NA,NA,NA,NA,NA,NA,NA,NA,NA,NA,NA,NA,NA,NA,NA,NA,NA,NA,1165,NA,NA,NA,NA,NA,NA,1000,NA,NA,400,NA,NA,NA,NA,NA,NA,NA,NA,NA,NA,NA,NA,NA,NA,NA,NA,NA,NA,NA,NA,NA,8.61,NA,NA,NA,NA,NA,NA,NA,NA,450,7.49001331557923,NA,NA,NA,NA,NA,NA,NA,NA,NA,NA,NA,NA,54.6,NA,NA,NA,NA,NA,NA,NA,NA,NA,NA,NA,NA,"True Sample",4.92,"rRNA gene",FALSE,3732,377,377
"2020-8-21",9,"YNP320","SC 9 ft","Steep Cone","Outflow","SMU",2,"Swab",NA,NA,NA,NA,NA,NA,NA,NA,NA,NA,NA,NA,NA,NA,NA,NA,NA,NA,NA,NA,NA,NA,NA,NA,1165,NA,NA,NA,NA,NA,NA,1000,NA,NA,400,NA,NA,NA,NA,NA,NA,NA,NA,NA,NA,NA,NA,NA,NA,NA,NA,NA,NA,NA,NA,NA,8.61,NA,NA,NA,NA,NA,NA,NA,NA,450,7.49001331557923,NA,NA,NA,NA,NA,NA,NA,NA,NA,NA,NA,NA,54.6,NA,NA,NA,NA,NA,NA,NA,NA,NA,NA,NA,NA,"True Sample",9.73,"rRNA gene",FALSE,3732,377,377
"2020-8-21",9,"YNP321","SC 9 ft","Steep Cone","Outflow","SMU",3,"Swab",NA,NA,NA,NA,NA,NA,NA,NA,NA,NA,NA,NA,NA,NA,NA,NA,NA,NA,NA,NA,NA,NA,NA,NA,1165,NA,NA,NA,NA,NA,NA,1000,NA,NA,400,NA,NA,NA,NA,NA,NA,NA,NA,NA,NA,NA,NA,NA,NA,NA,NA,NA,NA,NA,NA,NA,8.61,NA,NA,NA,NA,NA,NA,NA,NA,450,7.49001331557923,NA,NA,NA,NA,NA,NA,NA,NA,NA,NA,NA,NA,54.6,NA,NA,NA,NA,NA,NA,NA,NA,NA,NA,NA,NA,"True Sample",8.01,"rRNA gene",FALSE,3732,377,377
"2020-8-21",12,"YNP322","SC 12 ft","Steep Cone","Outflow","SMU",1,"Swab",NA,NA,NA,NA,NA,NA,NA,NA,NA,NA,NA,NA,NA,NA,NA,NA,NA,NA,NA,NA,NA,NA,NA,NA,1165,NA,NA,NA,NA,NA,NA,1000,NA,NA,400,NA,NA,NA,NA,NA,NA,NA,NA,NA,NA,NA,NA,NA,NA,NA,NA,NA,NA,NA,NA,NA,8.59,NA,NA,NA,NA,NA,NA,NA,NA,395,6.5745672436751,NA,NA,NA,NA,NA,NA,NA,NA,NA,NA,NA,NA,48.1,NA,NA,NA,NA,NA,NA,NA,NA,NA,NA,NA,NA,"True Sample",10.1,"rRNA gene",FALSE,3732,377,377
"2020-8-21",12,"YNP323","SC 12 ft","Steep Cone","Outflow","SMU",2,"Swab",NA,NA,NA,NA,NA,NA,NA,NA,NA,NA,NA,NA,NA,NA,NA,NA,NA,NA,NA,NA,NA,NA,NA,NA,1165,NA,NA,NA,NA,NA,NA,1000,NA,NA,400,NA,NA,NA,NA,NA,NA,NA,NA,NA,NA,NA,NA,NA,NA,NA,NA,NA,NA,NA,NA,NA,8.59,NA,NA,NA,NA,NA,NA,NA,NA,395,6.5745672436751,NA,NA,NA,NA,NA,NA,NA,NA,NA,NA,NA,NA,48.1,NA,NA,NA,NA,NA,NA,NA,NA,NA,NA,NA,NA,"True Sample",3.98,"rRNA gene",FALSE,3732,377,377
"2020-8-21",12,"YNP324","SC 12 ft","Steep Cone","Outflow","SMU",3,"Swab",NA,NA,NA,NA,NA,NA,NA,NA,NA,NA,NA,NA,NA,NA,NA,NA,NA,NA,NA,NA,NA,NA,NA,NA,1165,NA,NA,NA,NA,NA,NA,1000,NA,NA,400,NA,NA,NA,NA,NA,NA,NA,NA,NA,NA,NA,NA,NA,NA,NA,NA,NA,NA,NA,NA,NA,8.59,NA,NA,NA,NA,NA,NA,NA,NA,395,6.5745672436751,NA,NA,NA,NA,NA,NA,NA,NA,NA,NA,NA,NA,48.1,NA,NA,NA,NA,NA,NA,NA,NA,NA,NA,NA,NA,"True Sample",10.9,"rRNA gene",FALSE,3732,377,377
"2020-8-21",15,"YNP325","SC 15 ft","Steep Cone","Outflow","SMU",1,"Swab",NA,NA,NA,NA,NA,NA,NA,NA,NA,NA,NA,NA,NA,NA,NA,NA,NA,NA,NA,NA,NA,NA,NA,NA,1161,NA,NA,NA,NA,NA,NA,1000,NA,NA,300,NA,NA,NA,NA,NA,NA,NA,NA,NA,NA,NA,NA,NA,NA,NA,NA,NA,NA,NA,NA,NA,8.6,NA,NA,NA,NA,NA,NA,NA,NA,427.5,7.11551264980027,NA,NA,NA,NA,NA,NA,NA,NA,NA,NA,NA,NA,43.1,NA,NA,NA,NA,NA,NA,NA,NA,NA,NA,NA,NA,"True Sample",8.37,"rRNA gene",FALSE,3732,377,377
"2020-8-21",15,"YNP326","SC 15 ft","Steep Cone","Outflow","SMU",2,"Swab",NA,NA,NA,NA,NA,NA,NA,NA,NA,NA,NA,NA,NA,NA,NA,NA,NA,NA,NA,NA,NA,NA,NA,NA,1161,NA,NA,NA,NA,NA,NA,1000,NA,NA,300,NA,NA,NA,NA,NA,NA,NA,NA,NA,NA,NA,NA,NA,NA,NA,NA,NA,NA,NA,NA,NA,8.6,NA,NA,NA,NA,NA,NA,NA,NA,427.5,7.11551264980027,NA,NA,NA,NA,NA,NA,NA,NA,NA,NA,NA,NA,43.1,NA,NA,NA,NA,NA,NA,NA,NA,NA,NA,NA,NA,"True Sample",6.33,"rRNA gene",FALSE,3732,377,377
"2020-8-21",15,"YNP327","SC 15 ft","Steep Cone","Outflow","SMU",3,"Swab",NA,NA,NA,NA,NA,NA,NA,NA,NA,NA,NA,NA,NA,NA,NA,NA,NA,NA,NA,NA,NA,NA,NA,NA,1161,NA,NA,NA,NA,NA,NA,1000,NA,NA,300,NA,NA,NA,NA,NA,NA,NA,NA,NA,NA,NA,NA,NA,NA,NA,NA,NA,NA,NA,NA,NA,8.6,NA,NA,NA,NA,NA,NA,NA,NA,427.5,7.11551264980027,NA,NA,NA,NA,NA,NA,NA,NA,NA,NA,NA,NA,43.1,NA,NA,NA,NA,NA,NA,NA,NA,NA,NA,NA,NA,"True Sample",9.46,"rRNA gene",FALSE,3732,377,377
