"Sample_ID","Old_naming","Site","Sampling_date","Sample_Site_type","Transect","Distance_from_spring_ft","Replicate_Number","Sample_Type","Aluminium","Aluminium_mM","Antimony","Antimony_mM","Arsenic","Arsenic_mM","Barium","Barium_mM","Beryllium","Beryllium_mM","Boron","Boron_mM","Bromide","Bromide_mM","Cadmium","Cadmium_mM","Calcium","Calcium_mM","Chloride","Chloride_mM","Chromium","Chromium_mM","Cobalt","Cobalt_mM","Conductivity","Copper","Copper_mM","Dissolved.Inorganic.Carbon","Dissolved.Inorganic.Carbon_mM","Dissolved.organic.Carbon","Dissolved.organic.Carbon_mM","Dissolved.Oxygen","Dissolved.Oxygen_mM","Ferrous.Iron","Filtered.Volume","Fluoride","Fluoride_mM","Iron","Iron_mM","Lead","Lead_mM","Lithium","Lithium_mM","Magnesium","Magnesium_mM","Manganese","Manganese_mM","Molybdenum","Molybdenum_mM","Nickel","Nickel_mM","Nitrate","Nitrate_mM","Nitrite","Nitrite_mM","Pelleted.Volume","pH","Phosphate","Phosphate_mM","Phosphorus","Phosphorus_mM","Potassium","Potassium_mM","Selenium","Selenium_mM","Silica.Reactive","Silica.Reactive_mM","Silica.Total","Silicon","Silicon_mM","Silver","Sodium","Sodium_mM","Strontium","Strontium_mM","Sulfate","Sulfate_mM","Sulfur","Sulfur_mM","Temperature","Thallium","Thallium_mM","Tin","Titanium","Titanium_mM","Total.Alkalinity","Total.Sulfide","Uranium","Vanadium","Vanadium_mM","Zinc","Zinc_mM","Sample_or_Control","quant_reading","Amplicon","is.neg"
"YNP151_R","SC 3 ft","Steep Cone","2018-9-29","Outflow","SMU",3,1,"Swab",NA,NA,NA,NA,NA,NA,NA,NA,NA,NA,NA,NA,NA,NA,NA,NA,NA,NA,NA,NA,NA,NA,NA,NA,NA,NA,NA,NA,NA,NA,NA,9.5,0.296875,NA,NA,NA,NA,NA,NA,NA,NA,NA,NA,NA,NA,NA,NA,NA,NA,NA,NA,NA,NA,NA,NA,NA,8,NA,NA,NA,NA,NA,NA,NA,NA,NA,NA,NA,NA,NA,NA,NA,NA,NA,NA,NA,NA,NA,NA,62.8,NA,NA,NA,NA,NA,NA,NA,NA,NA,NA,NA,NA,"True Sample",11.5,"rRNA",FALSE
"YNP152_R","SC 3 ft","Steep Cone","2018-9-29","Outflow","SMU",3,2,"Swab",NA,NA,NA,NA,NA,NA,NA,NA,NA,NA,NA,NA,NA,NA,NA,NA,NA,NA,NA,NA,NA,NA,NA,NA,NA,NA,NA,NA,NA,NA,NA,9.5,0.296875,NA,NA,NA,NA,NA,NA,NA,NA,NA,NA,NA,NA,NA,NA,NA,NA,NA,NA,NA,NA,NA,NA,NA,8,NA,NA,NA,NA,NA,NA,NA,NA,NA,NA,NA,NA,NA,NA,NA,NA,NA,NA,NA,NA,NA,NA,62.8,NA,NA,NA,NA,NA,NA,NA,NA,NA,NA,NA,NA,"True Sample",11.9,"rRNA",FALSE
"YNP153_R","SC 3 ft","Steep Cone","2018-9-29","Outflow","SMU",3,3,"Swab",NA,NA,NA,NA,NA,NA,NA,NA,NA,NA,NA,NA,NA,NA,NA,NA,NA,NA,NA,NA,NA,NA,NA,NA,NA,NA,NA,NA,NA,NA,NA,9.5,0.296875,NA,NA,NA,NA,NA,NA,NA,NA,NA,NA,NA,NA,NA,NA,NA,NA,NA,NA,NA,NA,NA,NA,NA,8,NA,NA,NA,NA,NA,NA,NA,NA,NA,NA,NA,NA,NA,NA,NA,NA,NA,NA,NA,NA,NA,NA,62.8,NA,NA,NA,NA,NA,NA,NA,NA,NA,NA,NA,NA,"True Sample",5.9,"rRNA",FALSE
"YNP154_R","SC 6 ft","Steep Cone","2018-9-29","Outflow","SMU",6,1,"Swab",NA,NA,NA,NA,NA,NA,NA,NA,NA,NA,NA,NA,NA,NA,NA,NA,NA,NA,NA,NA,NA,NA,NA,NA,NA,NA,NA,NA,NA,NA,NA,11,0.34375,NA,NA,NA,NA,NA,NA,NA,NA,NA,NA,NA,NA,NA,NA,NA,NA,NA,NA,NA,NA,NA,NA,NA,8.1,NA,NA,NA,NA,NA,NA,NA,NA,NA,NA,NA,NA,NA,NA,NA,NA,NA,NA,NA,NA,NA,NA,53.1,NA,NA,NA,NA,NA,NA,NA,NA,NA,NA,NA,NA,"True Sample",9.21,"rRNA",FALSE
"YNP155_R","SC 6 ft","Steep Cone","2018-9-29","Outflow","SMU",6,2,"Swab",NA,NA,NA,NA,NA,NA,NA,NA,NA,NA,NA,NA,NA,NA,NA,NA,NA,NA,NA,NA,NA,NA,NA,NA,NA,NA,NA,NA,NA,NA,NA,11,0.34375,NA,NA,NA,NA,NA,NA,NA,NA,NA,NA,NA,NA,NA,NA,NA,NA,NA,NA,NA,NA,NA,NA,NA,8.1,NA,NA,NA,NA,NA,NA,NA,NA,NA,NA,NA,NA,NA,NA,NA,NA,NA,NA,NA,NA,NA,NA,53.1,NA,NA,NA,NA,NA,NA,NA,NA,NA,NA,NA,NA,"True Sample",6.87,"rRNA",FALSE
"YNP156_R","SC 6 ft","Steep Cone","2018-9-29","Outflow","SMU",6,3,"Swab",NA,NA,NA,NA,NA,NA,NA,NA,NA,NA,NA,NA,NA,NA,NA,NA,NA,NA,NA,NA,NA,NA,NA,NA,NA,NA,NA,NA,NA,NA,NA,11,0.34375,NA,NA,NA,NA,NA,NA,NA,NA,NA,NA,NA,NA,NA,NA,NA,NA,NA,NA,NA,NA,NA,NA,NA,8.1,NA,NA,NA,NA,NA,NA,NA,NA,NA,NA,NA,NA,NA,NA,NA,NA,NA,NA,NA,NA,NA,NA,53.1,NA,NA,NA,NA,NA,NA,NA,NA,NA,NA,NA,NA,"True Sample",7.56,"rRNA",FALSE
"YNP157_R","SC 9 ft","Steep Cone","2018-9-29","Outflow","SMU",9,1,"Swab",NA,NA,NA,NA,NA,NA,NA,NA,NA,NA,NA,NA,NA,NA,NA,NA,NA,NA,NA,NA,NA,NA,NA,NA,NA,NA,NA,NA,NA,NA,NA,NA,NA,NA,NA,NA,NA,NA,NA,NA,NA,NA,NA,NA,NA,NA,NA,NA,NA,NA,NA,NA,NA,NA,NA,NA,8.2,NA,NA,NA,NA,NA,NA,NA,NA,NA,NA,NA,NA,NA,NA,NA,NA,NA,NA,NA,NA,NA,NA,46.9,NA,NA,NA,NA,NA,NA,NA,NA,NA,NA,NA,NA,"True Sample",9.78,"rRNA",FALSE
"YNP158_R","SC 9 ft","Steep Cone","2018-9-29","Outflow","SMU",9,2,"Swab",NA,NA,NA,NA,NA,NA,NA,NA,NA,NA,NA,NA,NA,NA,NA,NA,NA,NA,NA,NA,NA,NA,NA,NA,NA,NA,NA,NA,NA,NA,NA,NA,NA,NA,NA,NA,NA,NA,NA,NA,NA,NA,NA,NA,NA,NA,NA,NA,NA,NA,NA,NA,NA,NA,NA,NA,8.2,NA,NA,NA,NA,NA,NA,NA,NA,NA,NA,NA,NA,NA,NA,NA,NA,NA,NA,NA,NA,NA,NA,46.9,NA,NA,NA,NA,NA,NA,NA,NA,NA,NA,NA,NA,"True Sample",8.77,"rRNA",FALSE
"YNP159_R","SC 9 ft","Steep Cone","2018-9-29","Outflow","SMU",9,3,"Swab",NA,NA,NA,NA,NA,NA,NA,NA,NA,NA,NA,NA,NA,NA,NA,NA,NA,NA,NA,NA,NA,NA,NA,NA,NA,NA,NA,NA,NA,NA,NA,NA,NA,NA,NA,NA,NA,NA,NA,NA,NA,NA,NA,NA,NA,NA,NA,NA,NA,NA,NA,NA,NA,NA,NA,NA,8.2,NA,NA,NA,NA,NA,NA,NA,NA,NA,NA,NA,NA,NA,NA,NA,NA,NA,NA,NA,NA,NA,NA,46.9,NA,NA,NA,NA,NA,NA,NA,NA,NA,NA,NA,NA,"True Sample",6.66,"rRNA",FALSE
"YNP160_R","SC 12 ft","Steep Cone","2018-9-29","Outflow","SMU",12,1,"Swab",NA,NA,NA,NA,NA,NA,NA,NA,NA,NA,NA,NA,NA,NA,NA,NA,NA,NA,NA,NA,NA,NA,NA,NA,NA,NA,NA,NA,NA,NA,NA,15.8,0.49375,NA,NA,NA,NA,NA,NA,NA,NA,NA,NA,NA,NA,NA,NA,NA,NA,NA,NA,NA,NA,NA,NA,NA,8.4,NA,NA,NA,NA,NA,NA,NA,NA,NA,NA,NA,NA,NA,NA,NA,NA,NA,NA,NA,NA,NA,NA,45.2,NA,NA,NA,NA,NA,NA,NA,NA,NA,NA,NA,NA,"True Sample",8.05,"rRNA",FALSE
"YNP161_R","SC 12 ft","Steep Cone","2018-9-29","Outflow","SMU",12,2,"Swab",NA,NA,NA,NA,NA,NA,NA,NA,NA,NA,NA,NA,NA,NA,NA,NA,NA,NA,NA,NA,NA,NA,NA,NA,NA,NA,NA,NA,NA,NA,NA,15.8,0.49375,NA,NA,NA,NA,NA,NA,NA,NA,NA,NA,NA,NA,NA,NA,NA,NA,NA,NA,NA,NA,NA,NA,NA,8.4,NA,NA,NA,NA,NA,NA,NA,NA,NA,NA,NA,NA,NA,NA,NA,NA,NA,NA,NA,NA,NA,NA,45.2,NA,NA,NA,NA,NA,NA,NA,NA,NA,NA,NA,NA,"True Sample",6.61,"rRNA",FALSE
"YNP162_R","SC 12 ft","Steep Cone","2018-9-29","Outflow","SMU",12,3,"Swab",NA,NA,NA,NA,NA,NA,NA,NA,NA,NA,NA,NA,NA,NA,NA,NA,NA,NA,NA,NA,NA,NA,NA,NA,NA,NA,NA,NA,NA,NA,NA,15.8,0.49375,NA,NA,NA,NA,NA,NA,NA,NA,NA,NA,NA,NA,NA,NA,NA,NA,NA,NA,NA,NA,NA,NA,NA,8.4,NA,NA,NA,NA,NA,NA,NA,NA,NA,NA,NA,NA,NA,NA,NA,NA,NA,NA,NA,NA,NA,NA,45.2,NA,NA,NA,NA,NA,NA,NA,NA,NA,NA,NA,NA,"True Sample",12.2,"rRNA",FALSE
"YNP163_R","SC 15 ft","Steep Cone","2018-9-29","Outflow","SMU",15,1,"Swab",NA,NA,NA,NA,NA,NA,NA,NA,NA,NA,NA,NA,NA,NA,NA,NA,NA,NA,NA,NA,NA,NA,NA,NA,NA,NA,NA,NA,NA,NA,NA,12,0.375,NA,NA,NA,NA,NA,NA,NA,NA,NA,NA,NA,NA,NA,NA,NA,NA,NA,NA,NA,NA,NA,NA,NA,8.4,NA,NA,NA,NA,NA,NA,NA,NA,NA,NA,NA,NA,NA,NA,NA,NA,NA,NA,NA,NA,NA,NA,40.5,NA,NA,NA,NA,NA,NA,NA,NA,NA,NA,NA,NA,"True Sample",12.7,"rRNA",FALSE
"YNP164_R","SC 15 ft","Steep Cone","2018-9-29","Outflow","SMU",15,2,"Swab",NA,NA,NA,NA,NA,NA,NA,NA,NA,NA,NA,NA,NA,NA,NA,NA,NA,NA,NA,NA,NA,NA,NA,NA,NA,NA,NA,NA,NA,NA,NA,12,0.375,NA,NA,NA,NA,NA,NA,NA,NA,NA,NA,NA,NA,NA,NA,NA,NA,NA,NA,NA,NA,NA,NA,NA,8.4,NA,NA,NA,NA,NA,NA,NA,NA,NA,NA,NA,NA,NA,NA,NA,NA,NA,NA,NA,NA,NA,NA,40.5,NA,NA,NA,NA,NA,NA,NA,NA,NA,NA,NA,NA,"True Sample",12,"rRNA",FALSE
"YNP165_R","SC 15 ft","Steep Cone","2018-9-29","Outflow","SMU",15,3,"Swab",NA,NA,NA,NA,NA,NA,NA,NA,NA,NA,NA,NA,NA,NA,NA,NA,NA,NA,NA,NA,NA,NA,NA,NA,NA,NA,NA,NA,NA,NA,NA,12,0.375,NA,NA,NA,NA,NA,NA,NA,NA,NA,NA,NA,NA,NA,NA,NA,NA,NA,NA,NA,NA,NA,NA,NA,8.4,NA,NA,NA,NA,NA,NA,NA,NA,NA,NA,NA,NA,NA,NA,NA,NA,NA,NA,NA,NA,NA,NA,40.5,NA,NA,NA,NA,NA,NA,NA,NA,NA,NA,NA,NA,"True Sample",14.1,"rRNA",FALSE
"YNP204_R","SC 3 ft","Steep Cone","2019-8-11","Outflow","SMU",3,1,"Swab",NA,NA,NA,NA,NA,NA,NA,NA,NA,NA,NA,NA,NA,NA,NA,NA,NA,NA,NA,NA,NA,NA,NA,NA,1103,NA,NA,NA,NA,NA,NA,NA,NA,NA,NA,NA,NA,NA,NA,NA,NA,NA,NA,NA,NA,NA,NA,NA,NA,NA,NA,NA,NA,NA,NA,NA,8,NA,NA,NA,NA,NA,NA,NA,NA,330,5.49267643142477,NA,NA,NA,NA,NA,NA,NA,NA,NA,NA,NA,NA,68,NA,NA,NA,NA,NA,NA,NA,NA,NA,NA,NA,NA,"True Sample",2.74,"rRNA",FALSE
"YNP205_R","SC 3 ft","Steep Cone","2019-8-11","Outflow","SMU",3,2,"Swab",NA,NA,NA,NA,NA,NA,NA,NA,NA,NA,NA,NA,NA,NA,NA,NA,NA,NA,NA,NA,NA,NA,NA,NA,1103,NA,NA,NA,NA,NA,NA,NA,NA,NA,NA,NA,NA,NA,NA,NA,NA,NA,NA,NA,NA,NA,NA,NA,NA,NA,NA,NA,NA,NA,NA,NA,8,NA,NA,NA,NA,NA,NA,NA,NA,330,5.49267643142477,NA,NA,NA,NA,NA,NA,NA,NA,NA,NA,NA,NA,68,NA,NA,NA,NA,NA,NA,NA,NA,NA,NA,NA,NA,"True Sample",2.45,"rRNA",FALSE
"YNP206_R","SC 3 ft","Steep Cone","2019-8-11","Outflow","SMU",3,3,"Swab",NA,NA,NA,NA,NA,NA,NA,NA,NA,NA,NA,NA,NA,NA,NA,NA,NA,NA,NA,NA,NA,NA,NA,NA,1103,NA,NA,NA,NA,NA,NA,NA,NA,NA,NA,NA,NA,NA,NA,NA,NA,NA,NA,NA,NA,NA,NA,NA,NA,NA,NA,NA,NA,NA,NA,NA,8,NA,NA,NA,NA,NA,NA,NA,NA,330,5.49267643142477,NA,NA,NA,NA,NA,NA,NA,NA,NA,NA,NA,NA,68,NA,NA,NA,NA,NA,NA,NA,NA,NA,NA,NA,NA,"True Sample",2.24,"rRNA",FALSE
"YNP207_R","SC 6 ft","Steep Cone","2019-8-11","Outflow","SMU",6,1,"Swab",NA,NA,NA,NA,NA,NA,NA,NA,NA,NA,NA,NA,NA,NA,NA,NA,NA,NA,NA,NA,NA,NA,NA,NA,1099,NA,NA,NA,NA,NA,NA,3.82,0.119375,NA,NA,NA,NA,NA,NA,NA,NA,NA,NA,NA,NA,NA,NA,NA,NA,NA,NA,NA,NA,NA,NA,NA,8,NA,NA,NA,NA,NA,NA,NA,NA,360,5.99201065246338,NA,NA,NA,NA,NA,NA,NA,NA,NA,NA,NA,NA,63,NA,NA,NA,NA,NA,NA,NA,NA,NA,NA,NA,NA,"True Sample",1.36,"rRNA",FALSE
"YNP208_R","SC 6 ft","Steep Cone","2019-8-11","Outflow","SMU",6,2,"Swab",NA,NA,NA,NA,NA,NA,NA,NA,NA,NA,NA,NA,NA,NA,NA,NA,NA,NA,NA,NA,NA,NA,NA,NA,1099,NA,NA,NA,NA,NA,NA,3.82,0.119375,NA,NA,NA,NA,NA,NA,NA,NA,NA,NA,NA,NA,NA,NA,NA,NA,NA,NA,NA,NA,NA,NA,NA,8,NA,NA,NA,NA,NA,NA,NA,NA,360,5.99201065246338,NA,NA,NA,NA,NA,NA,NA,NA,NA,NA,NA,NA,63,NA,NA,NA,NA,NA,NA,NA,NA,NA,NA,NA,NA,"True Sample",3.44,"rRNA",FALSE
"YNP209_R","SC 6 ft","Steep Cone","2019-8-11","Outflow","SMU",6,3,"Swab",NA,NA,NA,NA,NA,NA,NA,NA,NA,NA,NA,NA,NA,NA,NA,NA,NA,NA,NA,NA,NA,NA,NA,NA,1099,NA,NA,NA,NA,NA,NA,3.82,0.119375,NA,NA,NA,NA,NA,NA,NA,NA,NA,NA,NA,NA,NA,NA,NA,NA,NA,NA,NA,NA,NA,NA,NA,8,NA,NA,NA,NA,NA,NA,NA,NA,360,5.99201065246338,NA,NA,NA,NA,NA,NA,NA,NA,NA,NA,NA,NA,63,NA,NA,NA,NA,NA,NA,NA,NA,NA,NA,NA,NA,"True Sample",1.64,"rRNA",FALSE
"YNP210_R","SC 9 ft","Steep Cone","2019-8-11","Outflow","SMU",9,1,"Swab",NA,NA,NA,NA,NA,NA,NA,NA,NA,NA,NA,NA,NA,NA,NA,NA,NA,NA,NA,NA,NA,NA,NA,NA,1103,NA,NA,NA,NA,NA,NA,4.07,0.1271875,NA,NA,NA,NA,NA,NA,NA,NA,NA,NA,NA,NA,NA,NA,NA,NA,NA,NA,NA,NA,NA,NA,NA,8,NA,NA,NA,NA,NA,NA,NA,NA,340,5.65912117177097,NA,NA,NA,NA,NA,NA,NA,NA,NA,NA,NA,NA,48,NA,NA,NA,NA,NA,NA,NA,NA,NA,NA,NA,NA,"True Sample",2.41,"rRNA",FALSE
"YNP211_R","SC 9 ft","Steep Cone","2019-8-11","Outflow","SMU",9,2,"Swab",NA,NA,NA,NA,NA,NA,NA,NA,NA,NA,NA,NA,NA,NA,NA,NA,NA,NA,NA,NA,NA,NA,NA,NA,1103,NA,NA,NA,NA,NA,NA,4.07,0.1271875,NA,NA,NA,NA,NA,NA,NA,NA,NA,NA,NA,NA,NA,NA,NA,NA,NA,NA,NA,NA,NA,NA,NA,8,NA,NA,NA,NA,NA,NA,NA,NA,340,5.65912117177097,NA,NA,NA,NA,NA,NA,NA,NA,NA,NA,NA,NA,48,NA,NA,NA,NA,NA,NA,NA,NA,NA,NA,NA,NA,"True Sample",3.27,"rRNA",FALSE
"YNP212_R","SC 9 ft","Steep Cone","2019-8-11","Outflow","SMU",9,3,"Swab",NA,NA,NA,NA,NA,NA,NA,NA,NA,NA,NA,NA,NA,NA,NA,NA,NA,NA,NA,NA,NA,NA,NA,NA,1103,NA,NA,NA,NA,NA,NA,4.07,0.1271875,NA,NA,NA,NA,NA,NA,NA,NA,NA,NA,NA,NA,NA,NA,NA,NA,NA,NA,NA,NA,NA,NA,NA,8,NA,NA,NA,NA,NA,NA,NA,NA,340,5.65912117177097,NA,NA,NA,NA,NA,NA,NA,NA,NA,NA,NA,NA,48,NA,NA,NA,NA,NA,NA,NA,NA,NA,NA,NA,NA,"True Sample",3.29,"rRNA",FALSE
"YNP213_R","SC 12 ft","Steep Cone","2019-8-11","Outflow","SMU",12,1,"Swab",NA,NA,NA,NA,NA,NA,NA,NA,NA,NA,NA,NA,NA,NA,NA,NA,NA,NA,NA,NA,NA,NA,NA,NA,NA,NA,NA,NA,NA,NA,NA,5.67,0.1771875,NA,NA,NA,NA,NA,NA,NA,NA,NA,NA,NA,NA,NA,NA,NA,NA,NA,NA,NA,NA,NA,NA,NA,7.5,NA,NA,NA,NA,NA,NA,NA,NA,370,6.15845539280959,NA,NA,NA,NA,NA,NA,NA,NA,NA,NA,NA,NA,26,NA,NA,NA,NA,NA,NA,NA,NA,NA,NA,NA,NA,"True Sample",2.56,"rRNA",FALSE
"YNP214_R","SC 12 ft","Steep Cone","2019-8-11","Outflow","SMU",12,2,"Swab",NA,NA,NA,NA,NA,NA,NA,NA,NA,NA,NA,NA,NA,NA,NA,NA,NA,NA,NA,NA,NA,NA,NA,NA,NA,NA,NA,NA,NA,NA,NA,5.67,0.1771875,NA,NA,NA,NA,NA,NA,NA,NA,NA,NA,NA,NA,NA,NA,NA,NA,NA,NA,NA,NA,NA,NA,NA,7.5,NA,NA,NA,NA,NA,NA,NA,NA,370,6.15845539280959,NA,NA,NA,NA,NA,NA,NA,NA,NA,NA,NA,NA,26,NA,NA,NA,NA,NA,NA,NA,NA,NA,NA,NA,NA,"True Sample",3.14,"rRNA",FALSE
"YNP215_R","SC 12 ft","Steep Cone","2019-8-11","Outflow","SMU",12,3,"Swab",NA,NA,NA,NA,NA,NA,NA,NA,NA,NA,NA,NA,NA,NA,NA,NA,NA,NA,NA,NA,NA,NA,NA,NA,NA,NA,NA,NA,NA,NA,NA,5.67,0.1771875,NA,NA,NA,NA,NA,NA,NA,NA,NA,NA,NA,NA,NA,NA,NA,NA,NA,NA,NA,NA,NA,NA,NA,7.5,NA,NA,NA,NA,NA,NA,NA,NA,370,6.15845539280959,NA,NA,NA,NA,NA,NA,NA,NA,NA,NA,NA,NA,26,NA,NA,NA,NA,NA,NA,NA,NA,NA,NA,NA,NA,"True Sample",3.19,"rRNA",FALSE
"YNP216_R","SC 15 ft","Steep Cone","2019-8-11","Outflow","SMU",15,1,"Swab",NA,NA,NA,NA,NA,NA,NA,NA,NA,NA,NA,NA,NA,NA,NA,NA,NA,NA,NA,NA,NA,NA,NA,NA,NA,NA,NA,NA,NA,NA,NA,NA,NA,NA,NA,NA,NA,NA,NA,NA,NA,NA,NA,NA,NA,NA,NA,NA,NA,NA,NA,NA,NA,NA,NA,NA,7.5,NA,NA,NA,NA,NA,NA,NA,NA,370,6.15845539280959,NA,NA,NA,NA,NA,NA,NA,NA,NA,NA,NA,NA,25,NA,NA,NA,NA,NA,NA,NA,NA,NA,NA,NA,NA,"True Sample",3.63,"rRNA",FALSE
"YNP217_R","SC 15 ft","Steep Cone","2019-8-11","Outflow","SMU",15,2,"Swab",NA,NA,NA,NA,NA,NA,NA,NA,NA,NA,NA,NA,NA,NA,NA,NA,NA,NA,NA,NA,NA,NA,NA,NA,NA,NA,NA,NA,NA,NA,NA,NA,NA,NA,NA,NA,NA,NA,NA,NA,NA,NA,NA,NA,NA,NA,NA,NA,NA,NA,NA,NA,NA,NA,NA,NA,7.5,NA,NA,NA,NA,NA,NA,NA,NA,370,6.15845539280959,NA,NA,NA,NA,NA,NA,NA,NA,NA,NA,NA,NA,25,NA,NA,NA,NA,NA,NA,NA,NA,NA,NA,NA,NA,"True Sample",3.56,"rRNA",FALSE
"YNP218_R","SC 15 ft","Steep Cone","2019-8-11","Outflow","SMU",15,3,"Swab",NA,NA,NA,NA,NA,NA,NA,NA,NA,NA,NA,NA,NA,NA,NA,NA,NA,NA,NA,NA,NA,NA,NA,NA,NA,NA,NA,NA,NA,NA,NA,NA,NA,NA,NA,NA,NA,NA,NA,NA,NA,NA,NA,NA,NA,NA,NA,NA,NA,NA,NA,NA,NA,NA,NA,NA,7.5,NA,NA,NA,NA,NA,NA,NA,NA,370,6.15845539280959,NA,NA,NA,NA,NA,NA,NA,NA,NA,NA,NA,NA,25,NA,NA,NA,NA,NA,NA,NA,NA,NA,NA,NA,NA,"True Sample",3.26,"rRNA",FALSE
"YNP313_R","SC 3 ft","Steep Cone","2020-8-21","Outflow","SMU",3,1,"Swab",NA,NA,NA,NA,NA,NA,NA,NA,NA,NA,NA,NA,NA,NA,NA,NA,NA,NA,NA,NA,NA,NA,NA,NA,1132,NA,NA,NA,NA,NA,NA,1000,31.25,NA,400,NA,NA,NA,NA,NA,NA,NA,NA,NA,NA,NA,NA,NA,NA,NA,NA,NA,NA,NA,NA,NA,8.51,NA,NA,NA,NA,NA,NA,NA,NA,385,6.40812250332889,NA,NA,NA,NA,NA,NA,NA,NA,NA,NA,NA,NA,60,NA,NA,NA,NA,NA,NA,NA,NA,NA,NA,NA,NA,"True Sample",1.55,"rRNA",FALSE
"YNP314_R","SC 3 ft","Steep Cone","2020-8-21","Outflow","SMU",3,2,"Swab",NA,NA,NA,NA,NA,NA,NA,NA,NA,NA,NA,NA,NA,NA,NA,NA,NA,NA,NA,NA,NA,NA,NA,NA,1132,NA,NA,NA,NA,NA,NA,1000,31.25,NA,400,NA,NA,NA,NA,NA,NA,NA,NA,NA,NA,NA,NA,NA,NA,NA,NA,NA,NA,NA,NA,NA,8.51,NA,NA,NA,NA,NA,NA,NA,NA,385,6.40812250332889,NA,NA,NA,NA,NA,NA,NA,NA,NA,NA,NA,NA,60,NA,NA,NA,NA,NA,NA,NA,NA,NA,NA,NA,NA,"True Sample",9.18,"rRNA",FALSE
"YNP315_R","SC 3 ft","Steep Cone","2020-8-21","Outflow","SMU",3,3,"Swab",NA,NA,NA,NA,NA,NA,NA,NA,NA,NA,NA,NA,NA,NA,NA,NA,NA,NA,NA,NA,NA,NA,NA,NA,1132,NA,NA,NA,NA,NA,NA,1000,31.25,NA,400,NA,NA,NA,NA,NA,NA,NA,NA,NA,NA,NA,NA,NA,NA,NA,NA,NA,NA,NA,NA,NA,8.51,NA,NA,NA,NA,NA,NA,NA,NA,385,6.40812250332889,NA,NA,NA,NA,NA,NA,NA,NA,NA,NA,NA,NA,60,NA,NA,NA,NA,NA,NA,NA,NA,NA,NA,NA,NA,"True Sample",11.3,"rRNA",FALSE
"YNP316_R","SC 6 ft","Steep Cone","2020-8-21","Outflow","SMU",6,1,"Swab",NA,NA,NA,NA,NA,NA,NA,NA,NA,NA,NA,NA,NA,NA,NA,NA,NA,NA,NA,NA,NA,NA,NA,NA,1141,NA,NA,NA,NA,NA,NA,1000,31.25,NA,360,NA,NA,NA,NA,NA,NA,NA,NA,NA,NA,NA,NA,NA,NA,NA,NA,NA,NA,NA,NA,NA,8.5,NA,NA,NA,NA,NA,NA,NA,NA,417.5,6.94906790945406,NA,NA,NA,NA,NA,NA,NA,NA,NA,NA,NA,NA,57,NA,NA,NA,NA,NA,NA,NA,NA,NA,NA,NA,NA,"True Sample",6.8,"rRNA",FALSE
"YNP317_R","SC 6 ft","Steep Cone","2020-8-21","Outflow","SMU",6,2,"Swab",NA,NA,NA,NA,NA,NA,NA,NA,NA,NA,NA,NA,NA,NA,NA,NA,NA,NA,NA,NA,NA,NA,NA,NA,1141,NA,NA,NA,NA,NA,NA,1000,31.25,NA,360,NA,NA,NA,NA,NA,NA,NA,NA,NA,NA,NA,NA,NA,NA,NA,NA,NA,NA,NA,NA,NA,8.5,NA,NA,NA,NA,NA,NA,NA,NA,417.5,6.94906790945406,NA,NA,NA,NA,NA,NA,NA,NA,NA,NA,NA,NA,57,NA,NA,NA,NA,NA,NA,NA,NA,NA,NA,NA,NA,"True Sample",9.54,"rRNA",FALSE
"YNP318_R","SC 6 ft","Steep Cone","2020-8-21","Outflow","SMU",6,3,"Swab",NA,NA,NA,NA,NA,NA,NA,NA,NA,NA,NA,NA,NA,NA,NA,NA,NA,NA,NA,NA,NA,NA,NA,NA,1141,NA,NA,NA,NA,NA,NA,1000,31.25,NA,360,NA,NA,NA,NA,NA,NA,NA,NA,NA,NA,NA,NA,NA,NA,NA,NA,NA,NA,NA,NA,NA,8.5,NA,NA,NA,NA,NA,NA,NA,NA,417.5,6.94906790945406,NA,NA,NA,NA,NA,NA,NA,NA,NA,NA,NA,NA,57,NA,NA,NA,NA,NA,NA,NA,NA,NA,NA,NA,NA,"True Sample",5.71,"rRNA",FALSE
"YNP319_R","SC 9 ft","Steep Cone","2020-8-21","Outflow","SMU",9,1,"Swab",NA,NA,NA,NA,NA,NA,NA,NA,NA,NA,NA,NA,NA,NA,NA,NA,NA,NA,NA,NA,NA,NA,NA,NA,1165,NA,NA,NA,NA,NA,NA,1000,31.25,NA,400,NA,NA,NA,NA,NA,NA,NA,NA,NA,NA,NA,NA,NA,NA,NA,NA,NA,NA,NA,NA,NA,8.61,NA,NA,NA,NA,NA,NA,NA,NA,450,7.49001331557923,NA,NA,NA,NA,NA,NA,NA,NA,NA,NA,NA,NA,54.6,NA,NA,NA,NA,NA,NA,NA,NA,NA,NA,NA,NA,"True Sample",5.1,"rRNA",FALSE
"YNP320_R","SC 9 ft","Steep Cone","2020-8-21","Outflow","SMU",9,2,"Swab",NA,NA,NA,NA,NA,NA,NA,NA,NA,NA,NA,NA,NA,NA,NA,NA,NA,NA,NA,NA,NA,NA,NA,NA,1165,NA,NA,NA,NA,NA,NA,1000,31.25,NA,400,NA,NA,NA,NA,NA,NA,NA,NA,NA,NA,NA,NA,NA,NA,NA,NA,NA,NA,NA,NA,NA,8.61,NA,NA,NA,NA,NA,NA,NA,NA,450,7.49001331557923,NA,NA,NA,NA,NA,NA,NA,NA,NA,NA,NA,NA,54.6,NA,NA,NA,NA,NA,NA,NA,NA,NA,NA,NA,NA,"True Sample",2.04,"rRNA",FALSE
"YNP321_R","SC 9 ft","Steep Cone","2020-8-21","Outflow","SMU",9,3,"Swab",NA,NA,NA,NA,NA,NA,NA,NA,NA,NA,NA,NA,NA,NA,NA,NA,NA,NA,NA,NA,NA,NA,NA,NA,1165,NA,NA,NA,NA,NA,NA,1000,31.25,NA,400,NA,NA,NA,NA,NA,NA,NA,NA,NA,NA,NA,NA,NA,NA,NA,NA,NA,NA,NA,NA,NA,8.61,NA,NA,NA,NA,NA,NA,NA,NA,450,7.49001331557923,NA,NA,NA,NA,NA,NA,NA,NA,NA,NA,NA,NA,54.6,NA,NA,NA,NA,NA,NA,NA,NA,NA,NA,NA,NA,"True Sample",8.28,"rRNA",FALSE
"YNP322_R","SC 12 ft","Steep Cone","2020-8-21","Outflow","SMU",12,1,"Swab",NA,NA,NA,NA,NA,NA,NA,NA,NA,NA,NA,NA,NA,NA,NA,NA,NA,NA,NA,NA,NA,NA,NA,NA,1165,NA,NA,NA,NA,NA,NA,1000,31.25,NA,400,NA,NA,NA,NA,NA,NA,NA,NA,NA,NA,NA,NA,NA,NA,NA,NA,NA,NA,NA,NA,NA,8.59,NA,NA,NA,NA,NA,NA,NA,NA,395,6.5745672436751,NA,NA,NA,NA,NA,NA,NA,NA,NA,NA,NA,NA,48.1,NA,NA,NA,NA,NA,NA,NA,NA,NA,NA,NA,NA,"True Sample",10.1,"rRNA",FALSE
"YNP323_R","SC 12 ft","Steep Cone","2020-8-21","Outflow","SMU",12,2,"Swab",NA,NA,NA,NA,NA,NA,NA,NA,NA,NA,NA,NA,NA,NA,NA,NA,NA,NA,NA,NA,NA,NA,NA,NA,1165,NA,NA,NA,NA,NA,NA,1000,31.25,NA,400,NA,NA,NA,NA,NA,NA,NA,NA,NA,NA,NA,NA,NA,NA,NA,NA,NA,NA,NA,NA,NA,8.59,NA,NA,NA,NA,NA,NA,NA,NA,395,6.5745672436751,NA,NA,NA,NA,NA,NA,NA,NA,NA,NA,NA,NA,48.1,NA,NA,NA,NA,NA,NA,NA,NA,NA,NA,NA,NA,"True Sample",6.65,"rRNA",FALSE
"YNP324_R","SC 12 ft","Steep Cone","2020-8-21","Outflow","SMU",12,3,"Swab",NA,NA,NA,NA,NA,NA,NA,NA,NA,NA,NA,NA,NA,NA,NA,NA,NA,NA,NA,NA,NA,NA,NA,NA,1165,NA,NA,NA,NA,NA,NA,1000,31.25,NA,400,NA,NA,NA,NA,NA,NA,NA,NA,NA,NA,NA,NA,NA,NA,NA,NA,NA,NA,NA,NA,NA,8.59,NA,NA,NA,NA,NA,NA,NA,NA,395,6.5745672436751,NA,NA,NA,NA,NA,NA,NA,NA,NA,NA,NA,NA,48.1,NA,NA,NA,NA,NA,NA,NA,NA,NA,NA,NA,NA,"True Sample",10.5,"rRNA",FALSE
"YNP325_R","SC 15 ft","Steep Cone","2020-8-21","Outflow","SMU",15,1,"Swab",NA,NA,NA,NA,NA,NA,NA,NA,NA,NA,NA,NA,NA,NA,NA,NA,NA,NA,NA,NA,NA,NA,NA,NA,1161,NA,NA,NA,NA,NA,NA,1000,31.25,NA,300,NA,NA,NA,NA,NA,NA,NA,NA,NA,NA,NA,NA,NA,NA,NA,NA,NA,NA,NA,NA,NA,8.6,NA,NA,NA,NA,NA,NA,NA,NA,427.5,7.11551264980027,NA,NA,NA,NA,NA,NA,NA,NA,NA,NA,NA,NA,43.1,NA,NA,NA,NA,NA,NA,NA,NA,NA,NA,NA,NA,"True Sample",4.3,"rRNA",FALSE
"YNP326_R","SC 15 ft","Steep Cone","2020-8-21","Outflow","SMU",15,2,"Swab",NA,NA,NA,NA,NA,NA,NA,NA,NA,NA,NA,NA,NA,NA,NA,NA,NA,NA,NA,NA,NA,NA,NA,NA,1161,NA,NA,NA,NA,NA,NA,1000,31.25,NA,300,NA,NA,NA,NA,NA,NA,NA,NA,NA,NA,NA,NA,NA,NA,NA,NA,NA,NA,NA,NA,NA,8.6,NA,NA,NA,NA,NA,NA,NA,NA,427.5,7.11551264980027,NA,NA,NA,NA,NA,NA,NA,NA,NA,NA,NA,NA,43.1,NA,NA,NA,NA,NA,NA,NA,NA,NA,NA,NA,NA,"True Sample",6.56,"rRNA",FALSE
"YNP327_R","SC 15 ft","Steep Cone","2020-8-21","Outflow","SMU",15,3,"Swab",NA,NA,NA,NA,NA,NA,NA,NA,NA,NA,NA,NA,NA,NA,NA,NA,NA,NA,NA,NA,NA,NA,NA,NA,1161,NA,NA,NA,NA,NA,NA,1000,31.25,NA,300,NA,NA,NA,NA,NA,NA,NA,NA,NA,NA,NA,NA,NA,NA,NA,NA,NA,NA,NA,NA,NA,8.6,NA,NA,NA,NA,NA,NA,NA,NA,427.5,7.11551264980027,NA,NA,NA,NA,NA,NA,NA,NA,NA,NA,NA,NA,43.1,NA,NA,NA,NA,NA,NA,NA,NA,NA,NA,NA,NA,"True Sample",6.43,"rRNA",FALSE
